Lane1,Lane1#,Lane2,Lane2 %,Lane3,Lane3 %,Lane4,Lane4 %,greentime1,greentime2,greentime3,greentime4,random,sign,greeentime1_new,greeentime2_new,greeentime3_new,greeentime4_new
36,0.330275229,39,0.357798165,33,0.302752294,1,0.009174312,39.63302748,42.9357798,36.33027528,1.10091744,0.222961104,-1,39.41006638,42.7128187,36.10731418,0.877956336
10,0.12987013,4,0.051948052,40,0.519480519,23,0.298701299,15.5844156,6.23376624,62.33766228,35.84415588,0.864845813,-1,14.71956979,5.368920427,61.47281647,34.97931007
25,0.268817204,47,0.505376344,15,0.161290323,6,0.064516129,32.25806448,60.64516128,19.35483876,7.74193548,0.410277854,1,32.66834233,61.05543913,19.76511661,8.152213334
37,0.373737374,22,0.222222222,17,0.171717172,23,0.232323232,44.84848488,26.66666664,20.60606064,27.87878784,0.935024256,0,44.84848488,26.66666664,20.60606064,27.87878784
39,0.3046875,14,0.109375,33,0.2578125,42,0.328125,36.5625,13.125,30.9375,39.375,0.120984985,0,36.5625,13.125,30.9375,39.375
27,0.259615385,2,0.019230769,32,0.307692308,43,0.413461538,31.1538462,2.30769228,36.92307696,49.61538456,0.54343314,-1,30.61041306,1.76425914,36.37964382,49.07195142
4,0.035714286,26,0.232142857,40,0.357142857,42,0.375,4.28571432,27.85714284,42.85714284,45,0.376627889,-1,3.909086431,27.48051495,42.48051495,44.62337211
20,0.151515152,43,0.325757576,35,0.265151515,34,0.257575758,18.18181824,39.09090912,31.8181818,30.90909096,0.373524674,0,18.18181824,39.09090912,31.8181818,30.90909096
47,0.350746269,33,0.246268657,46,0.343283582,8,0.059701493,42.08955228,29.55223884,41.19402984,7.16417916,0.864549569,0,42.08955228,29.55223884,41.19402984,7.16417916
15,0.172413793,1,0.011494253,26,0.298850575,45,0.517241379,20.68965516,1.37931036,35.862069,62.06896548,0.240172758,0,20.68965516,1.37931036,35.862069,62.06896548
14,0.152173913,16,0.173913043,43,0.467391304,19,0.206521739,18.26086956,20.86956516,56.08695648,24.78260868,0.478854632,-1,17.78201493,20.39071053,55.60810185,24.30375405
17,0.309090909,21,0.381818182,17,0.309090909,0,0,37.09090908,45.81818184,37.09090908,0,0.947676444,-1,36.14323264,44.8705054,36.14323264,-0.947676444
18,0.159292035,37,0.327433628,12,0.10619469,46,0.407079646,19.1150442,39.29203536,12.7433628,48.84955752,0.945641263,1,20.06068546,40.23767662,13.68900406,49.79519878
34,0.288135593,49,0.415254237,2,0.016949153,33,0.279661017,34.57627116,49.83050844,2.03389836,33.55932204,0.887711092,-1,33.68856007,48.94279735,1.146187268,32.67161095
9,0.243243243,4,0.108108108,6,0.162162162,18,0.486486486,29.18918916,12.97297296,19.45945944,58.37837832,0.735023462,-1,28.4541657,12.2379495,18.72443598,57.64335486
33,0.311320755,20,0.188679245,48,0.452830189,5,0.047169811,37.3584906,22.6415094,54.33962268,5.66037732,0.162725539,-1,37.19576506,22.47878386,54.17689714,5.497651781
32,0.288288288,32,0.288288288,20,0.18018018,27,0.243243243,34.59459456,34.59459456,21.6216216,29.18918916,0.019790408,0,34.59459456,34.59459456,21.6216216,29.18918916
30,0.3125,13,0.135416667,44,0.458333333,9,0.09375,37.5,16.25000004,54.99999996,11.25,0.609507848,-1,36.89049215,15.64049219,54.39049211,10.64049215
26,0.247619048,37,0.352380952,4,0.038095238,38,0.361904762,29.71428576,42.28571424,4.57142856,43.42857144,0.849520003,0,29.71428576,42.28571424,4.57142856,43.42857144
11,0.152777778,9,0.125,44,0.611111111,8,0.111111111,18.33333336,15,73.33333332,13.33333332,0.294979856,-1,18.0383535,14.70502014,73.03835346,13.03835346
34,0.4,6,0.070588235,23,0.270588235,22,0.258823529,48,8.4705882,32.4705882,31.05882348,0.99591091,-1,47.00408909,7.47467729,31.47467729,30.06291257
42,0.591549296,3,0.042253521,15,0.211267606,11,0.154929577,70.98591552,5.07042252,25.35211272,18.59154924,0.149193504,0,70.98591552,5.07042252,25.35211272,18.59154924
2,0.027027027,31,0.418918919,22,0.297297297,19,0.256756757,3.24324324,50.27027028,35.67567564,30.81081084,0.799828756,1,4.043071996,51.07009904,36.4755044,31.6106396
33,0.347368421,2,0.021052632,24,0.252631579,36,0.378947368,41.68421052,2.52631584,30.31578948,45.47368416,0.361194493,1,42.04540501,2.887510333,30.67698397,45.83487865
44,0.403669725,15,0.137614679,24,0.220183486,26,0.23853211,48.440367,16.51376148,26.42201832,28.6238532,0.859886948,1,49.30025395,17.37364843,27.28190527,29.48374015
9,0.080357143,30,0.267857143,48,0.428571429,25,0.223214286,9.64285716,32.14285716,51.42857148,26.78571432,0.372074919,1,10.01493208,32.51493208,51.8006464,27.15778924
5,0.040650407,48,0.390243902,46,0.37398374,24,0.195121951,4.87804884,46.82926824,44.8780488,23.41463412,0.75983564,1,5.63788448,47.58910388,45.63788444,24.17446976
12,0.155844156,22,0.285714286,20,0.25974026,23,0.298701299,18.70129872,34.28571432,31.1688312,35.84415588,0.70107256,1,19.40237128,34.98678688,31.86990376,36.54522844
16,0.23880597,46,0.686567164,3,0.044776119,2,0.029850746,28.6567164,82.38805968,5.37313428,3.58208952,0.23794512,0,28.6567164,82.38805968,5.37313428,3.58208952
10,0.078125,46,0.359375,37,0.2890625,35,0.2734375,9.375,43.125,34.6875,32.8125,0.460772904,0,9.375,43.125,34.6875,32.8125
47,0.5875,27,0.3375,0,0,6,0.075,70.5,40.5,0,9,0.956525856,0,70.5,40.5,0,9
23,0.18852459,44,0.360655738,47,0.385245902,8,0.06557377,22.6229508,43.27868856,46.22950824,7.8688524,0.256098079,-1,22.36685272,43.02259048,45.97341016,7.612754321
3,0.047619048,4,0.063492063,37,0.587301587,19,0.301587302,5.71428576,7.61904756,70.47619044,36.19047624,0.017497531,1,5.731783291,7.636545091,70.49368797,36.20797377
25,0.240384615,7,0.067307692,44,0.423076923,28,0.269230769,28.8461538,8.07692304,50.76923076,32.30769228,0.363944362,1,29.21009816,8.440867402,51.13317512,32.67163664
8,0.121212121,15,0.227272727,4,0.060606061,39,0.590909091,14.54545452,27.27272724,7.27272732,70.90909092,0.866726099,1,15.41218062,28.13945334,8.139453419,71.77581702
19,0.18627451,24,0.235294118,16,0.156862745,43,0.421568627,22.3529412,28.23529416,18.8235294,50.58823524,0.993731392,-1,21.35920981,27.24156277,17.82979801,49.59450385
3,0.053571429,2,0.035714286,19,0.339285714,32,0.571428571,6.42857148,4.28571432,40.71428568,68.57142852,0.649623592,1,7.078195072,4.935337912,41.36390927,69.22105211
10,0.113636364,17,0.193181818,38,0.431818182,23,0.261363636,13.63636368,23.18181816,51.81818184,31.36363632,0.419343013,-1,13.21702067,22.76247515,51.39883883,30.94429331
15,0.12295082,23,0.18852459,46,0.37704918,38,0.31147541,14.7540984,22.6229508,45.2459016,37.3770492,0.176802458,1,14.93090086,22.79975326,45.42270406,37.55385166
47,0.419642857,30,0.267857143,20,0.178571429,15,0.133928571,50.35714284,32.14285716,21.42857148,16.07142852,0.097732017,1,50.45487486,32.24058918,21.5263035,16.16916054
30,0.352941176,30,0.352941176,13,0.152941176,12,0.141176471,42.35294112,42.35294112,18.35294112,16.94117652,0.537418064,1,42.89035918,42.89035918,18.89035918,17.47859458
42,0.344262295,30,0.245901639,24,0.196721311,26,0.213114754,41.3114754,29.50819668,23.60655732,25.57377048,0.878897322,0,41.3114754,29.50819668,23.60655732,25.57377048
15,0.288461538,10,0.192307692,12,0.230769231,15,0.288461538,34.61538456,23.07692304,27.69230772,34.61538456,0.901232375,0,34.61538456,23.07692304,27.69230772,34.61538456
48,0.448598131,7,0.065420561,19,0.177570093,33,0.308411215,53.83177572,7.85046732,21.30841116,37.0093458,0.442338582,-1,53.38943714,7.408128738,20.86607258,36.56700722
42,0.617647059,10,0.147058824,13,0.191176471,3,0.044117647,74.11764708,17.64705888,22.94117652,5.29411764,0.224602979,0,74.11764708,17.64705888,22.94117652,5.29411764
19,0.152,47,0.376,40,0.32,19,0.152,18.24,45.12,38.4,18.24,0.382043403,-1,17.8579566,44.7379566,38.0179566,17.8579566
36,0.342857143,27,0.257142857,11,0.104761905,31,0.295238095,41.14285716,30.85714284,12.5714286,35.4285714,0.23060215,0,41.14285716,30.85714284,12.5714286,35.4285714
1,0.011235955,18,0.202247191,45,0.505617978,25,0.280898876,1.3483146,24.26966292,60.67415736,33.70786512,0.707378378,-1,0.640936222,23.56228454,59.96677898,33.00048674
48,0.421052632,7,0.061403509,15,0.131578947,44,0.385964912,50.52631584,7.36842108,15.78947364,46.31578944,0.519291257,1,51.0456071,7.887712337,16.3087649,46.8350807
37,0.381443299,1,0.010309278,46,0.474226804,13,0.134020619,45.77319588,1.23711336,56.90721648,16.08247428,0.362244931,1,46.13544081,1.599358291,57.26946141,16.44471921
21,0.169354839,21,0.169354839,49,0.39516129,33,0.266129032,20.32258068,20.32258068,47.4193548,31.93548384,0.138710717,0,20.32258068,20.32258068,47.4193548,31.93548384
41,0.353448276,12,0.103448276,31,0.267241379,32,0.275862069,42.41379312,12.41379312,32.06896548,33.10344828,0.585982764,0,42.41379312,12.41379312,32.06896548,33.10344828
10,0.263157895,1,0.026315789,13,0.342105263,14,0.368421053,31.5789474,3.15789468,41.05263156,44.21052636,0.260472445,0,31.5789474,3.15789468,41.05263156,44.21052636
18,0.197802198,14,0.153846154,30,0.32967033,29,0.318681319,23.73626376,18.46153848,39.5604396,38.24175828,0.541263249,0,23.73626376,18.46153848,39.5604396,38.24175828
6,0.146341463,8,0.195121951,10,0.243902439,17,0.414634146,17.56097556,23.41463412,29.26829268,49.75609752,0.486195509,-1,17.07478005,22.92843861,28.78209717,49.26990201
14,0.12173913,31,0.269565217,41,0.356521739,29,0.252173913,14.6086956,32.34782604,42.78260868,30.26086956,0.759121546,-1,13.84957405,31.58870449,42.02348713,29.50174801
40,0.330578512,9,0.074380165,22,0.181818182,50,0.41322314,39.66942144,8.9256198,21.81818184,49.5867768,0.761421688,1,40.43084313,9.687041488,22.57960353,50.34819849
14,0.14,2,0.02,38,0.38,46,0.46,16.8,2.4,45.6,55.2,0.041633118,1,16.84163312,2.441633118,45.64163312,55.24163312
12,0.10619469,38,0.336283186,35,0.309734513,28,0.247787611,12.7433628,40.35398232,37.16814156,29.73451332,0.841827314,-1,11.90153549,39.51215501,36.32631425,28.89268601
36,0.378947368,39,0.410526316,14,0.147368421,6,0.063157895,45.47368416,49.26315792,17.68421052,7.5789474,0.902614117,1,46.37629828,50.16577204,18.58682464,8.481561517
10,0.222222222,27,0.6,8,0.177777778,0,0,26.66666664,72,21.33333336,0,0.72556227,0,26.66666664,72,21.33333336,0
35,0.336538462,1,0.009615385,26,0.25,42,0.403846154,40.38461544,1.1538462,30,48.46153848,0.297035303,-1,40.08758014,0.856810897,29.7029647,48.16450318
19,0.150793651,43,0.341269841,22,0.174603175,42,0.333333333,18.09523812,40.95238092,20.952381,39.99999996,0.864313969,-1,17.23092415,40.08806695,20.08806703,39.13568599
41,0.546666667,24,0.32,5,0.066666667,5,0.066666667,65.60000004,38.4,8.00000004,8.00000004,0.887901853,-1,64.71209819,37.51209815,7.112098187,7.112098187
19,0.234567901,20,0.24691358,42,0.518518519,0,0,28.14814812,29.6296296,62.22222228,0,0.551953148,1,28.70010127,30.18158275,62.77417543,0.551953148
41,0.630769231,1,0.015384615,11,0.169230769,12,0.184615385,75.69230772,1.8461538,20.30769228,22.1538462,0.253384433,-1,75.43892329,1.592769367,20.05430785,21.90046177
48,0.360902256,35,0.263157895,32,0.240601504,18,0.135338346,43.30827072,31.5789474,28.87218048,16.24060152,0.754401514,0,43.30827072,31.5789474,28.87218048,16.24060152
30,0.441176471,26,0.382352941,0,0,12,0.176470588,52.94117652,45.88235292,0,21.17647056,0.696916669,0,52.94117652,45.88235292,0,21.17647056
32,0.220689655,38,0.262068966,31,0.213793103,44,0.303448276,26.4827586,31.44827592,25.65517236,36.41379312,0.02761424,0,26.4827586,31.44827592,25.65517236,36.41379312
12,0.292682927,15,0.365853659,10,0.243902439,4,0.097560976,35.12195124,43.90243908,29.26829268,11.70731712,0.574476083,0,35.12195124,43.90243908,29.26829268,11.70731712
13,0.180555556,37,0.513888889,2,0.027777778,20,0.277777778,21.66666672,61.66666668,3.33333336,33.33333336,0.138374285,1,21.805041,61.80504096,3.471707645,33.47170764
20,0.15503876,34,0.263565891,40,0.310077519,35,0.271317829,18.6046512,31.62790692,37.20930228,32.55813948,0.456060377,-1,18.14859082,31.17184654,36.7532419,32.1020791
12,0.363636364,1,0.03030303,14,0.424242424,6,0.181818182,43.63636368,3.6363636,50.90909088,21.81818184,0.749121568,0,43.63636368,3.6363636,50.90909088,21.81818184
14,0.141414141,24,0.242424242,32,0.323232323,29,0.292929293,16.96969692,29.09090904,38.78787876,35.15151516,0.668162918,-1,16.301534,28.42274612,38.11971584,34.48335224
2,0.035087719,10,0.175438596,32,0.561403509,13,0.228070175,4.21052628,21.05263152,67.36842108,27.368421,0.28123032,-1,3.92929596,20.7714012,67.08719076,27.08719068
39,0.312,38,0.304,27,0.216,21,0.168,37.44,36.48,25.92,20.16,0.709189769,1,38.14918977,37.18918977,26.62918977,20.86918977
29,0.241666667,27,0.225,30,0.25,34,0.283333333,29.00000004,27,30,33.99999996,0.965359174,-1,28.03464087,26.03464083,29.03464083,33.03464079
6,0.0625,7,0.072916667,34,0.354166667,49,0.510416667,7.5,8.75000004,42.50000004,61.25000004,0.888861889,-1,6.611138111,7.861138151,41.61113815,60.36113815
16,0.253968254,29,0.46031746,7,0.111111111,11,0.174603175,30.47619048,55.2380952,13.33333332,20.952381,0.171191381,1,30.64738186,55.40928658,13.5045247,21.12357238
44,0.316546763,28,0.201438849,36,0.258992806,31,0.223021583,37.98561156,24.17266188,31.07913672,26.76258996,0.648981944,-1,37.33662962,23.52367994,30.43015478,26.11360802
3,0.031578947,37,0.389473684,37,0.389473684,18,0.189473684,3.78947364,46.73684208,46.73684208,22.73684208,0.61942834,-1,3.1700453,46.11741374,46.11741374,22.11741374
9,0.125,45,0.625,11,0.152777778,7,0.097222222,15,75,18.33333336,11.66666664,0.933678026,0,15,75,18.33333336,11.66666664
8,0.086956522,32,0.347826087,44,0.47826087,8,0.086956522,10.43478264,41.73913044,57.3913044,10.43478264,0.31785456,-1,10.11692808,41.42127588,57.07344984,10.11692808
21,0.185840708,14,0.123893805,46,0.407079646,32,0.283185841,22.30088496,14.8672566,48.84955752,33.98230092,0.181059171,-1,22.11982579,14.68619743,48.66849835,33.80124175
37,0.355769231,5,0.048076923,16,0.153846154,46,0.442307692,42.69230772,5.76923076,18.46153848,53.07692304,0.082419527,1,42.77472725,5.851650287,18.54395801,53.15934257
29,0.254385965,41,0.359649123,9,0.078947368,35,0.307017544,30.5263158,43.15789476,9.47368416,36.84210528,0.143500177,1,30.66981598,43.30139494,9.617184337,36.98560546
14,0.159090909,36,0.409090909,10,0.113636364,28,0.318181818,19.09090908,49.09090908,13.63636368,38.18181816,0.374027912,1,19.46493699,49.46493699,14.01039159,38.55584607
25,0.333333333,10,0.133333333,18,0.24,22,0.293333333,39.99999996,15.99999996,28.8,35.19999996,0.597565865,0,39.99999996,15.99999996,28.8,35.19999996
45,0.378151261,39,0.327731092,28,0.235294118,7,0.058823529,45.37815132,39.32773104,28.23529416,7.05882348,0.270955852,-1,45.10719547,39.05677519,27.96433831,6.787867628
24,0.193548387,43,0.346774194,15,0.120967742,42,0.338709677,23.22580644,41.61290328,14.51612904,40.64516124,0.015771107,1,23.24157755,41.62867439,14.53190015,40.66093235
3,0.035294118,19,0.223529412,15,0.176470588,48,0.564705882,4.23529416,26.82352944,21.17647056,67.76470584,0.560651,-1,3.67464316,26.26287844,20.61581956,67.20405484
1,0.014285714,14,0.2,19,0.271428571,36,0.514285714,1.71428568,24,32.57142852,61.71428568,0.41984936,-1,1.29443632,23.58015064,32.15157916,61.29443632
1,0.016949153,36,0.610169492,2,0.033898305,20,0.338983051,2.03389836,73.22033904,4.0677966,40.67796612,0.660809031,0,2.03389836,73.22033904,4.0677966,40.67796612
9,0.1,37,0.411111111,38,0.422222222,6,0.066666667,12,49.33333332,50.66666664,8.00000004,0.69143338,1,12.69143338,50.0247667,51.35810002,8.69143342
49,0.34751773,48,0.340425532,6,0.042553191,38,0.269503546,41.7021276,40.85106384,5.10638292,32.34042552,0.073596444,0,41.7021276,40.85106384,5.10638292,32.34042552
27,0.209302326,40,0.310077519,36,0.279069767,26,0.201550388,25.11627912,37.20930228,33.48837204,24.18604656,0.643127124,0,25.11627912,37.20930228,33.48837204,24.18604656
43,0.316176471,39,0.286764706,39,0.286764706,15,0.110294118,37.94117652,34.41176472,34.41176472,13.23529416,0.642211889,-1,37.29896463,33.76955283,33.76955283,12.59308227
4,0.133333333,7,0.233333333,10,0.333333333,9,0.3,15.99999996,27.99999996,39.99999996,36,0.833580225,-1,15.16641974,27.16641974,39.16641974,35.16641978
17,0.151785714,37,0.330357143,37,0.330357143,21,0.1875,18.21428568,39.64285716,39.64285716,22.5,0.258049236,0,18.21428568,39.64285716,39.64285716,22.5
37,0.31092437,26,0.218487395,30,0.25210084,26,0.218487395,37.3109244,26.2184874,30.2521008,26.2184874,0.866972252,1,38.17789665,27.08545965,31.11907305,27.08545965
33,0.264,37,0.296,9,0.072,46,0.368,31.68,35.52,8.64,44.16,0.957971283,-1,30.72202872,34.56202872,7.682028717,43.20202872
19,0.2,3,0.031578947,33,0.347368421,40,0.421052632,24,3.78947364,41.68421052,50.52631584,0.002625875,1,24.00262588,3.792099515,41.6868364,50.52894172
33,0.388235294,25,0.294117647,20,0.235294118,7,0.082352941,46.58823528,35.29411764,28.23529416,9.88235292,0.984330943,-1,45.60390434,34.3097867,27.25096322,8.898021977
41,0.394230769,37,0.355769231,25,0.240384615,1,0.009615385,47.30769228,42.69230772,28.8461538,1.1538462,0.936404707,0,47.30769228,42.69230772,28.8461538,1.1538462
44,0.303448276,28,0.193103448,47,0.324137931,26,0.179310345,36.41379312,23.17241376,38.89655172,21.5172414,0.064995173,-1,36.34879795,23.10741859,38.83155655,21.45224623
8,0.068965517,24,0.206896552,45,0.387931034,39,0.336206897,8.27586204,24.82758624,46.55172408,40.34482764,0.707627773,-1,7.568234267,24.11995847,45.84409631,39.63719987
13,0.160493827,16,0.197530864,45,0.555555556,7,0.086419753,19.25925924,23.70370368,66.66666672,10.37037036,0.159781503,1,19.41904074,23.86348518,66.82644822,10.53015186
33,0.458333333,4,0.055555556,16,0.222222222,19,0.263888889,54.99999996,6.66666672,26.66666664,31.66666668,0.104185927,1,55.10418589,6.770852647,26.77085257,31.77085261
47,0.419642857,9,0.080357143,50,0.446428571,6,0.053571429,50.35714284,9.64285716,53.57142852,6.42857148,0.810349486,-1,49.54679335,8.832507674,52.76107903,5.618221994
3,0.09375,12,0.375,10,0.3125,7,0.21875,11.25,45,37.5,26.25,0.288892208,0,11.25,45,37.5,26.25
38,0.281481481,32,0.237037037,25,0.185185185,40,0.296296296,33.77777772,28.44444444,22.2222222,35.55555552,0.449120942,-1,33.32865678,27.9953235,21.77310126,35.10643458
29,0.281553398,37,0.359223301,34,0.330097087,3,0.029126214,33.78640776,43.10679612,39.61165044,3.49514568,0.880820926,0,33.78640776,43.10679612,39.61165044,3.49514568
3,0.024590164,47,0.385245902,27,0.221311475,45,0.368852459,2.95081968,46.22950824,26.557377,44.26229508,0.351832803,1,3.302652483,46.58134104,26.9092098,44.61412788
41,0.401960784,21,0.205882353,30,0.294117647,10,0.098039216,48.23529408,24.70588236,35.29411764,11.76470592,0.688425189,-1,47.54686889,24.01745717,34.60569245,11.07628073
30,0.384615385,44,0.564102564,4,0.051282051,0,0,46.1538462,67.69230768,6.15384612,0,0.206097141,1,46.35994334,67.89840482,6.359943261,0.206097141
2,0.017857143,48,0.428571429,46,0.410714286,16,0.142857143,2.14285716,51.42857148,49.28571432,17.14285716,0.960702826,-1,1.182154334,50.46786865,48.32501149,16.18215433
14,0.25,13,0.232142857,24,0.428571429,5,0.089285714,30,27.85714284,51.42857148,10.71428568,0.108095765,1,30.10809577,27.96523861,51.53666725,10.82238145
23,0.383333333,20,0.333333333,13,0.216666667,4,0.066666667,45.99999996,39.99999996,26.00000004,8.00000004,0.975686045,-1,45.02431391,39.02431391,25.02431399,7.024313995
48,0.727272727,5,0.075757576,4,0.060606061,9,0.136363636,87.27272724,9.09090912,7.27272732,16.36363632,0.501409627,1,87.77413687,9.592318747,7.774136947,16.86504595
20,0.14084507,30,0.211267606,48,0.338028169,44,0.309859155,16.9014084,25.35211272,40.56338028,37.1830986,0.337269403,0,16.9014084,25.35211272,40.56338028,37.1830986
9,0.070866142,45,0.354330709,39,0.307086614,34,0.267716535,8.50393704,42.51968508,36.85039368,32.1259842,0.085915271,1,8.589852311,42.60560035,36.93630895,32.21189947
3,0.028846154,42,0.403846154,35,0.336538462,24,0.230769231,3.46153848,48.46153848,40.38461544,27.69230772,0.924691631,0,3.46153848,48.46153848,40.38461544,27.69230772
19,0.220930233,49,0.569767442,16,0.186046512,2,0.023255814,26.51162796,68.37209304,22.32558144,2.79069768,0.50965965,-1,26.00196831,67.86243339,21.81592179,2.28103803
32,0.304761905,9,0.085714286,32,0.304761905,32,0.304761905,36.5714286,10.28571432,36.5714286,36.5714286,0.836525582,1,37.40795418,11.1222399,37.40795418,37.40795418
42,0.35,4,0.033333333,32,0.266666667,42,0.35,42,3.99999996,32.00000004,42,0.462255312,-1,41.53774469,3.537744648,31.53774473,41.53774469
14,0.113821138,39,0.317073171,32,0.260162602,38,0.308943089,13.65853656,38.04878052,31.21951224,37.07317068,0.154959634,1,13.81349619,38.20374015,31.37447187,37.22813031
3,0.103448276,5,0.172413793,8,0.275862069,13,0.448275862,12.41379312,20.68965516,33.10344828,53.79310344,0.360330104,1,12.77412322,21.04998526,33.46377838,54.15343354
3,0.036144578,42,0.506024096,16,0.192771084,22,0.265060241,4.33734936,60.72289152,23.13253008,31.80722892,0.878126932,1,5.215476292,61.60101845,24.01065701,32.68535585
39,0.268965517,42,0.289655172,24,0.165517241,40,0.275862069,32.27586204,34.75862064,19.86206892,33.10344828,0.805439262,0,32.27586204,34.75862064,19.86206892,33.10344828
6,0.060606061,32,0.323232323,27,0.272727273,34,0.343434343,7.27272732,38.78787876,32.72727276,41.21212116,0.585389421,1,7.858116741,39.37326818,33.31266218,41.79751058
29,0.432835821,17,0.253731343,13,0.194029851,8,0.119402985,51.94029852,30.44776116,23.28358212,14.3283582,0.631880267,1,52.57217879,31.07964143,23.91546239,14.96023847
43,0.262195122,36,0.219512195,35,0.213414634,50,0.304878049,31.46341464,26.3414634,25.60975608,36.58536588,0.001708724,-1,31.46170592,26.33975468,25.60804736,36.58365716
47,0.382113821,36,0.292682927,38,0.308943089,2,0.016260163,45.85365852,35.12195124,37.07317068,1.95121956,0.765509695,1,46.61916821,35.88746093,37.83868037,2.716729255
40,0.37037037,11,0.101851852,17,0.157407407,40,0.37037037,44.4444444,12.22222224,18.88888884,44.4444444,0.529043057,0,44.4444444,12.22222224,18.88888884,44.4444444
29,0.475409836,16,0.262295082,4,0.06557377,12,0.196721311,57.04918032,31.47540984,7.8688524,23.60655732,0.642497867,0,57.04918032,31.47540984,7.8688524,23.60655732
40,0.307692308,46,0.353846154,34,0.261538462,10,0.076923077,36.92307696,42.46153848,31.38461544,9.23076924,0.019344261,0,36.92307696,42.46153848,31.38461544,9.23076924
42,0.274509804,27,0.176470588,43,0.281045752,41,0.267973856,32.94117648,21.17647056,33.72549024,32.15686272,0.092545786,0,32.94117648,21.17647056,33.72549024,32.15686272
3,0.023255814,34,0.263565891,45,0.348837209,47,0.364341085,2.79069768,31.62790692,41.86046508,43.7209302,0.995272355,0,2.79069768,31.62790692,41.86046508,43.7209302
1,0.013333333,47,0.626666667,17,0.226666667,10,0.133333333,1.59999996,75.20000004,27.20000004,15.99999996,0.922039429,1,2.522039389,76.12203947,28.12203947,16.92203939
7,0.076923077,46,0.505494505,33,0.362637363,5,0.054945055,9.23076924,60.6593406,43.51648356,6.5934066,0.460995419,-1,8.769773821,60.19834518,43.05548814,6.132411181
39,0.375,8,0.076923077,21,0.201923077,36,0.346153846,45,9.23076924,24.23076924,41.53846152,0.621274814,-1,44.37872519,8.609494426,23.60949443,40.91718671
10,0.126582278,43,0.544303797,9,0.113924051,17,0.215189873,15.18987336,65.31645564,13.67088612,25.82278476,0.464929958,0,15.18987336,65.31645564,13.67088612,25.82278476
32,0.344086022,41,0.440860215,13,0.139784946,7,0.075268817,41.29032264,52.9032258,16.77419352,9.03225804,0.917880208,1,42.20820285,53.82110601,17.69207373,9.950138248
5,0.049019608,20,0.196078431,36,0.352941176,41,0.401960784,5.88235296,23.52941172,42.35294112,48.23529408,0.948785647,1,6.831138607,24.47819737,43.30172677,49.18407973
2,0.042553191,13,0.276595745,12,0.255319149,20,0.425531915,5.10638292,33.1914894,30.63829788,51.0638298,0.46503295,0,5.10638292,33.1914894,30.63829788,51.0638298
44,0.6875,13,0.203125,3,0.046875,4,0.0625,82.5,24.375,5.625,7.5,0.485845118,1,82.98584512,24.86084512,6.110845118,7.985845118
29,0.266055046,25,0.229357798,41,0.376146789,14,0.128440367,31.92660552,27.52293576,45.13761468,15.41284404,0.418923367,0,31.92660552,27.52293576,45.13761468,15.41284404
7,0.152173913,9,0.195652174,15,0.326086957,15,0.326086957,18.26086956,23.47826088,39.13043484,39.13043484,0.043775217,-1,18.21709434,23.43448566,39.08665962,39.08665962
36,0.315789474,9,0.078947368,46,0.403508772,23,0.201754386,37.89473688,9.47368416,48.42105264,24.21052632,0.313492915,0,37.89473688,9.47368416,48.42105264,24.21052632
19,0.169642857,34,0.303571429,44,0.392857143,15,0.133928571,20.35714284,36.42857148,47.14285716,16.07142852,0.858477799,-1,19.49866504,35.57009368,46.28437936,15.21295072
29,0.194630872,39,0.261744966,39,0.261744966,42,0.281879195,23.35570464,31.40939592,31.40939592,33.8255034,0.002782787,-1,23.35292185,31.40661313,31.40661313,33.82272061
36,0.321428571,24,0.214285714,21,0.1875,31,0.276785714,38.57142852,25.71428568,22.5,33.21428568,0.880269267,0,38.57142852,25.71428568,22.5,33.21428568
12,0.1875,40,0.625,1,0.015625,11,0.171875,22.5,75,1.875,20.625,0.925689016,-1,21.57431098,74.07431098,0.949310984,19.69931098
1,0.015625,13,0.203125,46,0.71875,4,0.0625,1.875,24.375,86.25,7.5,0.290905221,-1,1.584094779,24.08409478,85.95909478,7.209094779
42,0.4375,28,0.291666667,1,0.010416667,25,0.260416667,52.5,35.00000004,1.25000004,31.25000004,0.617638473,-1,51.88236153,34.38236157,0.632361567,30.63236157
35,0.7,11,0.22,1,0.02,3,0.06,84,26.4,2.4,7.2,0.316390144,0,84,26.4,2.4,7.2
23,0.225490196,32,0.31372549,22,0.215686275,25,0.245098039,27.05882352,37.6470588,25.882353,29.41176468,0.997439951,-1,26.06138357,36.64961885,24.88491305,28.41432473
31,0.553571429,4,0.071428571,15,0.267857143,6,0.107142857,66.42857148,8.57142852,32.14285716,12.85714284,0.389666585,1,66.81823807,8.961095105,32.53252375,13.24680943
33,0.217105263,43,0.282894737,39,0.256578947,37,0.243421053,26.05263156,33.94736844,30.78947364,29.21052636,0.321985902,-1,25.73064566,33.62538254,30.46748774,28.88854046
23,0.5,10,0.217391304,1,0.02173913,12,0.260869565,60,26.08695648,2.6086956,31.3043478,0.145424926,-1,59.85457507,25.94153155,2.463270674,31.15892287
14,0.157303371,20,0.224719101,42,0.471910112,13,0.146067416,18.87640452,26.96629212,56.62921344,17.52808992,0.213115729,1,19.08952025,27.17940785,56.84232917,17.74120565
12,0.129032258,44,0.47311828,17,0.182795699,20,0.215053763,15.48387096,56.7741936,21.93548388,25.80645156,0.128931929,1,15.61280289,56.90312553,22.06441581,25.93538349
8,0.077669903,11,0.106796117,46,0.446601942,38,0.368932039,9.32038836,12.81553404,53.59223304,44.27184468,0.211308233,1,9.531696593,13.02684227,53.80354127,44.48315291
2,0.021052632,6,0.063157895,44,0.463157895,43,0.452631579,2.52631584,7.5789474,55.5789474,54.31578948,0.370224804,1,2.896540644,7.949172204,55.9491722,54.68601428
28,0.294736842,42,0.442105263,23,0.242105263,2,0.021052632,35.36842104,53.05263156,29.05263156,2.52631584,0.883248248,-1,34.48517279,52.16938331,28.16938331,1.643067592
36,0.321428571,25,0.223214286,30,0.267857143,21,0.1875,38.57142852,26.78571432,32.14285716,22.5,0.097358005,0,38.57142852,26.78571432,32.14285716,22.5
44,0.494382022,1,0.011235955,8,0.08988764,36,0.404494382,59.32584264,1.3483146,10.7865168,48.53932584,0.811195618,-1,58.51464702,0.537118982,9.975321182,47.72813022
2,0.01980198,40,0.396039604,39,0.386138614,20,0.198019802,2.3762376,47.52475248,46.33663368,23.76237624,0.617164902,-1,1.759072698,46.90758758,45.71946878,23.14521134
10,0.144927536,6,0.086956522,21,0.304347826,32,0.463768116,17.39130432,10.43478264,36.52173912,55.65217392,0.006230499,0,17.39130432,10.43478264,36.52173912,55.65217392
42,0.3,35,0.25,36,0.257142857,27,0.192857143,36,30,30.85714284,23.14285716,0.637870882,-1,35.36212912,29.36212912,30.21927196,22.50498628
33,0.358695652,30,0.326086957,18,0.195652174,11,0.119565217,43.04347824,39.13043484,23.47826088,14.34782604,0.648877483,-1,42.39460076,38.48155736,22.8293834,13.69894856
8,0.08988764,29,0.325842697,39,0.438202247,13,0.146067416,10.7865168,39.10112364,52.58426964,17.52808992,0.464452704,1,11.2509695,39.56557634,53.04872234,17.99254262
21,0.313432836,22,0.328358209,23,0.343283582,1,0.014925373,37.61194032,39.40298508,41.19402984,1.79104476,0.046046571,-1,37.56589375,39.35693851,41.14798327,1.744998189
34,0.288135593,37,0.313559322,13,0.110169492,34,0.288135593,34.57627116,37.62711864,13.22033904,34.57627116,0.029407457,-1,34.5468637,37.59771118,13.19093158,34.5468637
41,0.427083333,30,0.3125,16,0.166666667,9,0.09375,51.24999996,37.5,20.00000004,11.25,0.150711442,1,51.4007114,37.65071144,20.15071148,11.40071144
40,0.266666667,50,0.333333333,15,0.1,45,0.3,32.00000004,39.99999996,12,36,0.727830593,1,32.72783063,40.72783055,12.72783059,36.72783059
23,0.242105263,27,0.284210526,17,0.178947368,28,0.294736842,29.05263156,34.10526312,21.47368416,35.36842104,0.728284386,0,29.05263156,34.10526312,21.47368416,35.36842104
25,0.231481481,37,0.342592593,35,0.324074074,11,0.101851852,27.77777772,41.11111116,38.88888888,12.22222224,0.453642856,-1,27.32413486,40.6574683,38.43524602,11.76857938
41,0.450549451,7,0.076923077,7,0.076923077,36,0.395604396,54.06593412,9.23076924,9.23076924,47.47252752,0.358869273,0,54.06593412,9.23076924,9.23076924,47.47252752
31,0.281818182,28,0.254545455,35,0.318181818,16,0.145454545,33.81818184,30.5454546,38.18181816,17.4545454,0.843928715,0,33.81818184,30.5454546,38.18181816,17.4545454
26,0.240740741,29,0.268518519,46,0.425925926,7,0.064814815,28.88888892,32.22222228,51.11111112,7.7777778,0.789479307,0,28.88888892,32.22222228,51.11111112,7.7777778
48,0.5,13,0.135416667,16,0.166666667,19,0.197916667,60,16.25000004,20.00000004,23.75000004,0.42507566,0,60,16.25000004,20.00000004,23.75000004
7,0.085365854,35,0.426829268,3,0.036585366,37,0.451219512,10.24390248,51.21951216,4.39024392,54.14634144,0.0092333,1,10.25313578,51.22874546,4.39947722,54.15557474
5,0.067567568,30,0.405405405,4,0.054054054,35,0.472972973,8.10810816,48.6486486,6.48648648,56.75675676,0.871296544,0,8.10810816,48.6486486,6.48648648,56.75675676
8,0.166666667,12,0.25,13,0.270833333,15,0.3125,20.00000004,30,32.49999996,37.5,0.448086544,-1,19.5519135,29.55191346,32.05191342,37.05191346
49,0.337931034,33,0.227586207,17,0.117241379,46,0.317241379,40.55172408,27.31034484,14.06896548,38.06896548,0.200919719,-1,40.35080436,27.10942512,13.86804576,37.86804576
22,0.198198198,28,0.252252252,39,0.351351351,22,0.198198198,23.78378376,30.27027024,42.16216212,23.78378376,0.4142803,0,23.78378376,30.27027024,42.16216212,23.78378376
13,0.097014925,45,0.335820896,29,0.21641791,47,0.350746269,11.641791,40.29850752,25.9701492,42.08955228,0.238187163,1,11.87997816,40.53669468,26.20833636,42.32773944
40,0.506329114,13,0.164556962,24,0.303797468,2,0.025316456,60.75949368,19.74683544,36.45569616,3.03797472,0.096996035,0,60.75949368,19.74683544,36.45569616,3.03797472
23,0.201754386,10,0.087719298,31,0.271929825,50,0.438596491,24.21052632,10.52631576,32.631579,52.63157892,0.538730043,0,24.21052632,10.52631576,32.631579,52.63157892
15,0.112781955,43,0.323308271,44,0.330827068,31,0.233082707,13.5338346,38.79699252,39.69924816,27.96992484,0.642130346,1,14.17596495,39.43912287,40.34137851,28.61205519
11,0.157142857,43,0.614285714,1,0.014285714,15,0.214285714,18.85714284,73.71428568,1.71428568,25.71428568,0.68748431,1,19.54462715,74.40176999,2.40176999,26.40176999
17,0.2125,34,0.425,20,0.25,9,0.1125,25.5,51,30,13.5,0.832241064,-1,24.66775894,50.16775894,29.16775894,12.66775894
7,0.08974359,2,0.025641026,49,0.628205128,20,0.256410256,10.7692308,3.07692312,75.38461536,30.76923072,0.148726484,0,10.7692308,3.07692312,75.38461536,30.76923072
18,0.148760331,40,0.330578512,27,0.223140496,36,0.297520661,17.85123972,39.66942144,26.77685952,35.70247932,0.760282659,1,18.61152238,40.4297041,27.53714218,36.46276198
40,0.37037037,21,0.194444444,29,0.268518519,18,0.166666667,44.4444444,23.33333328,32.22222228,20.00000004,0.947864431,0,44.4444444,23.33333328,32.22222228,20.00000004
48,0.380952381,11,0.087301587,48,0.380952381,19,0.150793651,45.71428572,10.47619044,45.71428572,18.09523812,0.868734539,1,46.58302026,11.34492498,46.58302026,18.96397266
7,0.212121212,7,0.212121212,19,0.575757576,0,0,25.45454544,25.45454544,69.09090912,0,0.667787864,1,26.1223333,26.1223333,69.75869698,0.667787864
50,0.581395349,11,0.127906977,8,0.093023256,17,0.197674419,69.76744188,15.34883724,11.16279072,23.72093028,0.226091343,1,69.99353322,15.57492858,11.38888206,23.94702162
36,0.260869565,34,0.246376812,31,0.224637681,37,0.268115942,31.3043478,29.56521744,26.95652172,32.17391304,0.230730332,0,31.3043478,29.56521744,26.95652172,32.17391304
42,0.40776699,9,0.087378641,19,0.184466019,33,0.32038835,48.9320388,10.48543692,22.13592228,38.446602,0.391257935,1,49.32329674,10.87669486,22.52718022,38.83785994
44,0.369747899,35,0.294117647,6,0.050420168,34,0.285714286,44.36974788,35.29411764,6.05042016,34.28571432,0.622929782,1,44.99267766,35.91704742,6.673349942,34.9086441
25,0.255102041,29,0.295918367,15,0.153061224,29,0.295918367,30.61224492,35.51020404,18.36734688,35.51020404,0.492686896,0,30.61224492,35.51020404,18.36734688,35.51020404
42,0.285714286,39,0.265306122,28,0.19047619,38,0.258503401,34.28571432,31.83673464,22.8571428,31.02040812,0.194867291,0,34.28571432,31.83673464,22.8571428,31.02040812
10,0.131578947,18,0.236842105,13,0.171052632,35,0.460526316,15.78947364,28.4210526,20.52631584,55.26315792,0.977732005,1,16.76720564,29.3987846,21.50404784,56.24088992
14,0.388888889,4,0.111111111,16,0.444444444,2,0.055555556,46.66666668,13.33333332,53.33333328,6.66666672,0.211277341,-1,46.45538934,13.12205598,53.12205594,6.455389379
14,0.120689655,45,0.387931034,20,0.172413793,37,0.318965517,14.4827586,46.55172408,20.68965516,38.27586204,0.444606083,-1,14.03815252,46.107118,20.24504908,37.83125596
19,0.188118812,9,0.089108911,28,0.277227723,45,0.445544554,22.57425744,10.69306932,33.26732676,53.46534648,0.120546674,-1,22.45371077,10.57252265,33.14678009,53.34479981
1,0.010309278,39,0.402061856,47,0.484536082,10,0.103092784,1.23711336,48.24742272,58.14432984,12.37113408,0.766223587,0,1.23711336,48.24742272,58.14432984,12.37113408
39,0.590909091,5,0.075757576,14,0.212121212,8,0.121212121,70.90909092,9.09090912,25.45454544,14.54545452,0.636157406,-1,70.27293351,8.454751714,24.81838803,13.90929711
27,0.278350515,40,0.412371134,24,0.24742268,6,0.06185567,33.4020618,49.48453608,29.6907216,7.4226804,0.687993123,1,34.09005492,50.1725292,30.37871472,8.110673523
26,0.329113924,15,0.189873418,28,0.35443038,10,0.126582278,39.49367088,22.78481016,42.5316456,15.18987336,0.561773688,-1,38.93189719,22.22303647,41.96987191,14.62809967
47,0.382113821,32,0.260162602,40,0.325203252,4,0.032520325,45.85365852,31.21951224,39.02439024,3.902439,0.860843397,0,45.85365852,31.21951224,39.02439024,3.902439
8,0.137931034,22,0.379310345,22,0.379310345,6,0.103448276,16.55172408,45.5172414,45.5172414,12.41379312,0.688944097,1,17.24066818,46.2061855,46.2061855,13.10273722
29,0.281553398,25,0.242718447,37,0.359223301,12,0.116504854,33.78640776,29.12621364,43.10679612,13.98058248,0.01986122,1,33.80626898,29.14607486,43.12665734,14.0004437
40,0.303030303,39,0.295454545,4,0.03030303,49,0.371212121,36.36363636,35.4545454,3.6363636,44.54545452,0.571810669,-1,35.79182569,34.88273473,3.064552931,43.97364385
17,0.195402299,14,0.16091954,20,0.229885057,36,0.413793103,23.44827588,19.3103448,27.58620684,49.65517236,0.83947254,-1,22.60880334,18.47087226,26.7467343,48.81569982
22,0.231578947,23,0.242105263,46,0.484210526,4,0.042105263,27.78947364,29.05263156,58.10526312,5.05263156,0.799282166,1,28.58875581,29.85191373,58.90454529,5.851913726
35,0.321100917,35,0.321100917,6,0.055045872,33,0.302752294,38.53211004,38.53211004,6.60550464,36.33027528,0.817964841,1,39.35007488,39.35007488,7.423469481,37.14824012
34,0.300884956,16,0.14159292,43,0.380530973,20,0.17699115,36.10619472,16.9911504,45.66371676,21.238938,0.078208475,0,36.10619472,16.9911504,45.66371676,21.238938
34,0.311926606,37,0.339449541,30,0.275229358,8,0.073394495,37.43119272,40.73394492,33.02752296,8.8073394,0.216958841,-1,37.21423388,40.51698608,32.81056412,8.590380559
15,0.306122449,20,0.408163265,2,0.040816327,12,0.244897959,36.73469388,48.9795918,4.89795924,29.38775508,0.595147275,1,37.32984115,49.57473907,5.493106515,29.98290235
14,0.164705882,9,0.105882353,21,0.247058824,41,0.482352941,19.76470584,12.70588236,29.64705888,57.88235292,0.627001199,0,19.76470584,12.70588236,29.64705888,57.88235292
48,0.64,2,0.026666667,1,0.013333333,24,0.32,76.8,3.20000004,1.59999996,38.4,0.599352715,1,77.39935272,3.799352755,2.199352675,38.99935272
40,0.287769784,15,0.107913669,41,0.294964029,43,0.309352518,34.53237408,12.94964028,35.39568348,37.12230216,0.313835803,0,34.53237408,12.94964028,35.39568348,37.12230216
34,0.435897436,12,0.153846154,7,0.08974359,25,0.320512821,52.30769232,18.46153848,10.7692308,38.46153852,0.261110266,0,52.30769232,18.46153848,10.7692308,38.46153852
41,0.312977099,46,0.351145038,9,0.06870229,35,0.267175573,37.55725188,42.13740456,8.2442748,32.06106876,0.888987809,-1,36.66826407,41.24841675,7.355286991,31.17208095
44,0.453608247,17,0.175257732,7,0.072164948,29,0.298969072,54.43298964,21.03092784,8.65979376,35.87628864,0.702402989,-1,53.73058665,20.32852485,7.957390771,35.17388565
37,0.253424658,27,0.184931507,35,0.239726027,47,0.321917808,30.41095896,22.19178084,28.76712324,38.63013696,0.621372108,-1,29.78958685,21.57040873,28.14575113,38.00876485
27,0.290322581,14,0.150537634,38,0.408602151,14,0.150537634,34.83870972,18.06451608,49.03225812,18.06451608,0.787099401,-1,34.05161032,17.27741668,48.24515872,17.27741668
6,0.055555556,36,0.333333333,23,0.212962963,43,0.398148148,6.66666672,39.99999996,25.55555556,47.77777776,0.885318009,0,6.66666672,39.99999996,25.55555556,47.77777776
26,0.351351351,22,0.297297297,13,0.175675676,13,0.175675676,42.16216212,35.67567564,21.08108112,21.08108112,0.27330077,0,42.16216212,35.67567564,21.08108112,21.08108112
13,0.203125,31,0.484375,10,0.15625,10,0.15625,24.375,58.125,18.75,18.75,0.668418101,-1,23.7065819,57.4565819,18.0815819,18.0815819
30,0.241935484,29,0.233870968,18,0.14516129,47,0.379032258,29.03225808,28.06451616,17.4193548,45.48387096,0.191112752,-1,28.84114533,27.87340341,17.22824205,45.29275821
27,0.278350515,38,0.391752577,31,0.319587629,1,0.010309278,33.4020618,47.01030924,38.35051548,1.23711336,0.84743117,-1,32.55463063,46.16287807,37.50308431,0.38968219
17,0.173469388,29,0.295918367,36,0.367346939,16,0.163265306,20.81632656,35.51020404,44.08163268,19.59183672,0.332956197,-1,20.48337036,35.17724784,43.74867648,19.25888052
19,0.263888889,15,0.208333333,1,0.013888889,37,0.513888889,31.66666668,24.99999996,1.66666668,61.66666668,0.863139992,0,31.66666668,24.99999996,1.66666668,61.66666668
16,0.326530612,11,0.224489796,4,0.081632653,18,0.367346939,39.18367344,26.93877552,9.79591836,44.08163268,0.673871936,1,39.85754538,27.61264746,10.4697903,44.75550462
0,0,42,0.320610687,41,0.312977099,48,0.366412214,0,38.47328244,37.55725188,43.96946568,0.831307164,-1,-0.831307164,37.64197528,36.72594472,43.13815852
32,0.299065421,36,0.336448598,4,0.037383178,35,0.327102804,35.88785052,40.37383176,4.48598136,39.25233648,0.225398603,0,35.88785052,40.37383176,4.48598136,39.25233648
31,0.262711864,19,0.161016949,30,0.254237288,38,0.322033898,31.52542368,19.32203388,30.50847456,38.64406776,0.442966233,1,31.96838991,19.76500011,30.95144079,39.08703399
16,0.32,7,0.14,3,0.06,24,0.48,38.4,16.8,7.2,57.6,0.435718407,0,38.4,16.8,7.2,57.6
25,0.204918033,19,0.155737705,30,0.245901639,48,0.393442623,24.59016396,18.6885246,29.50819668,47.21311476,0.975580931,0,24.59016396,18.6885246,29.50819668,47.21311476
22,0.181818182,31,0.256198347,26,0.214876033,42,0.347107438,21.81818184,30.74380164,25.78512396,41.65289256,0.89550808,1,22.71368992,31.63930972,26.68063204,42.54840064
27,0.241071429,38,0.339285714,0,0,47,0.419642857,28.92857148,40.71428568,0,50.35714284,0.680550965,-1,28.24802052,40.03373472,-0.680550965,49.67659188
22,0.170542636,23,0.178294574,45,0.348837209,39,0.302325581,20.46511632,21.39534888,41.86046508,36.27906972,0.114572886,0,20.46511632,21.39534888,41.86046508,36.27906972
1,0.013333333,46,0.613333333,15,0.2,13,0.173333333,1.59999996,73.59999996,24,20.79999996,0.710899062,0,1.59999996,73.59999996,24,20.79999996
5,0.089285714,16,0.285714286,34,0.607142857,1,0.017857143,10.71428568,34.28571432,72.85714284,2.14285716,0.519578075,0,10.71428568,34.28571432,72.85714284,2.14285716
29,0.261261261,38,0.342342342,14,0.126126126,30,0.27027027,31.35135132,41.08108104,15.13513512,32.4324324,0.936206588,1,32.28755791,42.01728763,16.07134171,33.36863899
23,0.315068493,12,0.164383562,14,0.191780822,24,0.328767123,37.80821916,19.72602744,23.01369864,39.45205476,0.00710437,-1,37.80111479,19.71892307,23.00659427,39.44495039
1,0.022222222,0,0,4,0.088888889,40,0.888888889,2.66666664,0,10.66666668,106.6666667,0.35101445,1,3.01768109,0.35101445,11.01768113,107.0176812
6,0.055555556,21,0.194444444,37,0.342592593,44,0.407407407,6.66666672,23.33333328,41.11111116,48.88888884,0.744857221,1,7.411523941,24.0781905,41.85596838,49.63374606
3,0.025423729,45,0.381355932,44,0.372881356,26,0.220338983,3.05084748,45.76271184,44.74576272,26.44067796,0.321263176,1,3.372110656,46.08397502,45.0670259,26.76194114
24,0.333333333,35,0.486111111,6,0.083333333,7,0.097222222,39.99999996,58.33333332,9.99999996,11.66666664,0.602473798,0,39.99999996,58.33333332,9.99999996,11.66666664
26,0.232142857,27,0.241071429,22,0.196428571,37,0.330357143,27.85714284,28.92857148,23.57142852,39.64285716,0.253477208,-1,27.60366563,28.67509427,23.31795131,39.38937995
22,0.278481013,2,0.025316456,21,0.265822785,34,0.430379747,33.41772156,3.03797472,31.8987342,51.64556964,0.544253674,0,33.41772156,3.03797472,31.8987342,51.64556964
6,0.089552239,48,0.71641791,10,0.149253731,3,0.044776119,10.74626868,85.9701492,17.91044772,5.37313428,0.815018407,0,10.74626868,85.9701492,17.91044772,5.37313428
45,0.405405405,21,0.189189189,42,0.378378378,3,0.027027027,48.6486486,22.70270268,45.40540536,3.24324324,0.202687077,0,48.6486486,22.70270268,45.40540536,3.24324324
24,0.338028169,7,0.098591549,7,0.098591549,33,0.464788732,40.56338028,11.83098588,11.83098588,55.77464784,0.402439531,0,40.56338028,11.83098588,11.83098588,55.77464784
7,0.14893617,5,0.106382979,29,0.617021277,6,0.127659574,17.8723404,12.76595748,74.04255324,15.31914888,0.421731727,0,17.8723404,12.76595748,74.04255324,15.31914888
40,0.36036036,3,0.027027027,35,0.315315315,33,0.297297297,43.2432432,3.24324324,37.8378378,35.67567564,0.15437967,-1,43.08886353,3.08886357,37.68345813,35.52129597
10,0.15625,35,0.546875,17,0.265625,2,0.03125,18.75,65.625,31.875,3.75,0.973712068,1,19.72371207,66.59871207,32.84871207,4.723712068
31,0.224637681,25,0.18115942,40,0.289855072,42,0.304347826,26.95652172,21.7391304,34.78260864,36.52173912,0.15430019,0,26.95652172,21.7391304,34.78260864,36.52173912
22,0.328358209,1,0.014925373,14,0.208955224,30,0.447761194,39.40298508,1.79104476,25.07462688,53.73134328,0.537025004,-1,38.86596008,1.254019756,24.53760188,53.19431828
27,0.509433962,21,0.396226415,3,0.056603774,2,0.037735849,61.13207544,47.5471698,6.79245288,4.52830188,0.396783283,0,61.13207544,47.5471698,6.79245288,4.52830188
40,0.666666667,3,0.05,12,0.2,5,0.083333333,80.00000004,6,24,9.99999996,0.193076143,-1,79.8069239,5.806923857,23.80692386,9.806923817
49,0.583333333,5,0.05952381,2,0.023809524,28,0.333333333,69.99999996,7.1428572,2.85714288,39.99999996,0.8148962,1,70.81489616,7.9577534,3.67203908,40.81489616
19,0.2,32,0.336842105,5,0.052631579,39,0.410526316,24,40.4210526,6.31578948,49.26315792,0.973517503,-1,23.0264825,39.4475351,5.342271977,48.28964042
29,0.213235294,37,0.272058824,29,0.213235294,41,0.301470588,25.58823528,32.64705888,25.58823528,36.17647056,0.43401622,1,26.0222515,33.0810751,26.0222515,36.61048678
38,0.395833333,11,0.114583333,27,0.28125,20,0.208333333,47.49999996,13.74999996,33.75,24.99999996,0.847070439,-1,46.65292952,12.90292952,32.90292956,24.15292952
33,0.336734694,21,0.214285714,42,0.428571429,2,0.020408163,40.40816328,25.71428568,51.42857148,2.44897956,0.376563293,-1,40.03159999,25.33772239,51.05200819,2.072416267
45,0.436893204,38,0.368932039,20,0.194174757,0,0,52.42718448,44.27184468,23.30097084,0,0.669203606,1,53.09638809,44.94104829,23.97017445,0.669203606
29,0.292929293,6,0.060606061,39,0.393939394,25,0.252525253,35.15151516,7.27272732,47.27272728,30.30303036,0.813839519,1,35.96535468,8.086566839,48.0865668,31.11686988
36,0.307692308,31,0.264957265,4,0.034188034,46,0.393162393,36.92307696,31.7948718,4.10256408,47.17948716,0.873724157,0,36.92307696,31.7948718,4.10256408,47.17948716
40,0.597014925,11,0.164179104,7,0.104477612,9,0.134328358,71.641791,19.70149248,12.53731344,16.11940296,0.90386663,-1,70.73792437,18.79762585,11.63344681,15.21553633
23,0.425925926,15,0.277777778,11,0.203703704,5,0.092592593,51.11111112,33.33333336,24.44444448,11.11111116,0.84443418,0,51.11111112,33.33333336,24.44444448,11.11111116
26,0.4,18,0.276923077,3,0.046153846,18,0.276923077,48,33.23076924,5.53846152,33.23076924,0.765017248,0,48,33.23076924,5.53846152,33.23076924
18,0.243243243,14,0.189189189,41,0.554054054,1,0.013513514,29.18918916,22.70270268,66.48648648,1.62162168,0.448952435,1,29.6381416,23.15165512,66.93543892,2.070574115
38,0.243589744,47,0.301282051,29,0.185897436,42,0.269230769,29.23076928,36.15384612,22.30769232,32.30769228,0.866071822,-1,28.36469746,35.2877743,21.4416205,31.44162046
2,0.035714286,1,0.017857143,16,0.285714286,37,0.660714286,4.28571432,2.14285716,34.28571432,79.28571432,0.576340601,-1,3.709373719,1.566516559,33.70937372,78.70937372
0,0,16,0.202531646,39,0.493670886,24,0.303797468,0,24.30379752,59.24050632,36.45569616,0.671798197,0,0,24.30379752,59.24050632,36.45569616
38,0.436781609,26,0.298850575,16,0.183908046,7,0.08045977,52.41379308,35.862069,22.06896552,9.6551724,0.305592452,1,52.71938553,36.16766145,22.37455797,9.960764852
40,0.404040404,24,0.242424242,14,0.141414141,21,0.212121212,48.48484848,29.09090904,16.96969692,25.45454544,0.096014171,0,48.48484848,29.09090904,16.96969692,25.45454544
40,0.449438202,13,0.146067416,18,0.202247191,18,0.202247191,53.93258424,17.52808992,24.26966292,24.26966292,0.353607532,1,54.28619177,17.88169745,24.62327045,24.62327045
29,0.341176471,24,0.282352941,13,0.152941176,19,0.223529412,40.94117652,33.88235292,18.35294112,26.82352944,0.789072145,1,41.73024867,34.67142507,19.14201327,27.61260159
7,0.05982906,30,0.256410256,39,0.333333333,41,0.35042735,7.1794872,30.76923072,39.99999996,42.051282,0.703786855,0,7.1794872,30.76923072,39.99999996,42.051282
6,0.069767442,20,0.23255814,28,0.325581395,32,0.372093023,8.37209304,27.9069768,39.0697674,44.65116276,0.204160537,1,8.576253577,28.11113734,39.27392794,44.8553233
6,0.065934066,40,0.43956044,18,0.197802198,27,0.296703297,7.91208792,52.7472528,23.73626376,35.60439564,0.019958714,0,7.91208792,52.7472528,23.73626376,35.60439564
5,0.052083333,22,0.229166667,21,0.21875,48,0.5,6.24999996,27.50000004,26.25,60,0.610510736,0,6.24999996,27.50000004,26.25,60
16,0.133333333,28,0.233333333,34,0.283333333,42,0.35,15.99999996,27.99999996,33.99999996,42,0.267209794,0,15.99999996,27.99999996,33.99999996,42
12,0.131868132,16,0.175824176,19,0.208791209,44,0.483516484,15.82417584,21.09890112,25.05494508,58.02197808,0.076622909,-1,15.74755293,21.02227821,24.97832217,57.94535517
2,0.055555556,10,0.277777778,12,0.333333333,12,0.333333333,6.66666672,33.33333336,39.99999996,39.99999996,0.276661992,-1,6.390004728,33.05667137,39.72333797,39.72333797
3,0.021428571,50,0.357142857,39,0.278571429,48,0.342857143,2.57142852,42.85714284,33.42857148,41.14285716,0.594257446,1,3.165685966,43.45140029,34.02282893,41.73711461
15,0.161290323,20,0.215053763,36,0.387096774,22,0.23655914,19.35483876,25.80645156,46.45161288,28.3870968,0.945750107,0,19.35483876,25.80645156,46.45161288,28.3870968
29,0.420289855,7,0.101449275,5,0.072463768,28,0.405797101,50.4347826,12.173913,8.69565216,48.69565212,0.02027024,1,50.45505284,12.19418324,8.7159224,48.71592236
22,0.244444444,24,0.266666667,32,0.355555556,12,0.133333333,29.33333328,32.00000004,42.66666672,15.99999996,0.135163112,1,29.46849639,32.13516315,42.80182983,16.13516307
3,0.056603774,20,0.377358491,19,0.358490566,11,0.20754717,6.79245288,45.28301892,43.01886792,24.9056604,0.886766248,1,7.679219128,46.16978517,43.90563417,25.79242665
37,0.445783133,34,0.409638554,8,0.096385542,4,0.048192771,53.49397596,49.15662648,11.56626504,5.78313252,0.342556323,0,53.49397596,49.15662648,11.56626504,5.78313252
23,0.191666667,38,0.316666667,40,0.333333333,19,0.158333333,23.00000004,38.00000004,39.99999996,18.99999996,0.691436491,0,23.00000004,38.00000004,39.99999996,18.99999996
30,0.4,23,0.306666667,10,0.133333333,12,0.16,48,36.80000004,15.99999996,19.2,0.315019377,0,48,36.80000004,15.99999996,19.2
12,0.121212121,11,0.111111111,27,0.272727273,49,0.494949495,14.54545452,13.33333332,32.72727276,59.3939394,0.384713122,1,14.93016764,13.71804644,33.11198588,59.77865252
12,0.15,32,0.4,12,0.15,24,0.3,18,48,18,36,0.690512416,0,18,48,18,36
29,0.261261261,7,0.063063063,25,0.225225225,50,0.45045045,31.35135132,7.56756756,27.027027,54.054054,0.961438357,0,31.35135132,7.56756756,27.027027,54.054054
45,0.517241379,15,0.172413793,25,0.287356322,2,0.022988506,62.06896548,20.68965516,34.48275864,2.75862072,0.407702291,-1,61.66126319,20.28195287,34.07505635,2.350918429
44,0.676923077,6,0.092307692,7,0.107692308,8,0.123076923,81.23076924,11.07692304,12.92307696,14.76923076,0.983362751,1,82.21413199,12.06028579,13.90643971,15.75259351
27,0.397058824,11,0.161764706,23,0.338235294,7,0.102941176,47.64705888,19.41176472,40.58823528,12.35294112,0.690014011,-1,46.95704487,18.72175071,39.89822127,11.66292711
44,0.285714286,40,0.25974026,46,0.298701299,24,0.155844156,34.28571432,31.1688312,35.84415588,18.70129872,0.200204186,1,34.48591851,31.36903539,36.04436007,18.90150291
20,0.15037594,41,0.308270677,43,0.323308271,29,0.218045113,18.0451128,36.99248124,38.79699252,26.16541356,0.441631342,0,18.0451128,36.99248124,38.79699252,26.16541356
47,0.328671329,43,0.300699301,23,0.160839161,30,0.20979021,39.44055948,36.08391612,19.30069932,25.1748252,0.391178771,1,39.83173825,36.47509489,19.69187809,25.56600397
35,0.299145299,18,0.153846154,27,0.230769231,37,0.316239316,35.89743588,18.46153848,27.69230772,37.94871792,0.5667543,0,35.89743588,18.46153848,27.69230772,37.94871792
22,0.268292683,31,0.37804878,6,0.073170732,23,0.280487805,32.19512196,45.3658536,8.78048784,33.6585366,0.141189151,1,32.33631111,45.50704275,8.921676991,33.79972575
4,0.057142857,15,0.214285714,20,0.285714286,31,0.442857143,6.85714284,25.71428568,34.28571432,53.14285716,0.295534377,-1,6.561608463,25.4187513,33.99017994,52.84732278
6,0.076923077,11,0.141025641,35,0.448717949,26,0.333333333,9.23076924,16.92307692,53.84615388,39.99999996,0.782162909,1,10.01293215,17.70523983,54.62831679,40.78216287
22,0.231578947,21,0.221052632,36,0.378947368,16,0.168421053,27.78947364,26.52631584,45.47368416,20.21052636,0.603986314,1,28.39345995,27.13030215,46.07767047,20.81451267
17,0.130769231,48,0.369230769,44,0.338461538,21,0.161538462,15.69230772,44.30769228,40.61538456,19.38461544,0.131233052,-1,15.56107467,44.17645923,40.48415151,19.25338239
44,0.341085271,33,0.255813953,45,0.348837209,7,0.054263566,40.93023252,30.69767436,41.86046508,6.51162792,0.177533939,0,40.93023252,30.69767436,41.86046508,6.51162792
36,0.654545455,8,0.145454545,5,0.090909091,6,0.109090909,78.5454546,17.4545454,10.90909092,13.09090908,0.369273183,1,78.91472778,17.82381858,11.2783641,13.46018226
23,0.175572519,21,0.160305344,37,0.282442748,50,0.381679389,21.06870228,19.23664128,33.89312976,45.80152668,0.695414363,1,21.76411664,19.93205564,34.58854412,46.49694104
18,0.146341463,40,0.325203252,38,0.308943089,27,0.219512195,17.56097556,39.02439024,37.07317068,26.3414634,0.767042889,0,17.56097556,39.02439024,37.07317068,26.3414634
18,0.197802198,5,0.054945055,31,0.340659341,37,0.406593407,23.73626376,6.5934066,40.87912092,48.79120884,0.249010667,1,23.98527443,6.842417267,41.12813159,49.04021951
25,0.304878049,16,0.195121951,17,0.207317073,24,0.292682927,36.58536588,23.41463412,24.87804876,35.12195124,0.851661014,1,37.43702689,24.26629513,25.72970977,35.97361225
48,0.355555556,21,0.155555556,44,0.325925926,22,0.162962963,42.66666672,18.66666672,39.11111112,19.55555556,0.624716577,-1,42.04195014,18.04195014,38.48639454,18.93083898
39,0.40625,25,0.260416667,6,0.0625,26,0.270833333,48.75,31.25000004,7.5,32.49999996,0.738128131,-1,48.01187187,30.51187191,6.761871869,31.76187183
47,0.358778626,4,0.030534351,31,0.236641221,49,0.374045802,43.05343512,3.66412212,28.39694652,44.88549624,0.449863738,1,43.50329886,4.113985858,28.84681026,45.33535998
24,0.226415094,15,0.141509434,40,0.377358491,27,0.254716981,27.16981128,16.98113208,45.28301892,30.56603772,0.277496292,1,27.44730757,17.25862837,45.56051521,30.84353401
17,0.193181818,9,0.102272727,35,0.397727273,27,0.306818182,23.18181816,12.27272724,47.72727276,36.81818184,0.964187151,1,24.14600531,13.23691439,48.69145991,37.78236899
33,0.286956522,13,0.113043478,47,0.408695652,22,0.191304348,34.43478264,13.56521736,49.04347824,22.95652176,0.815416712,0,34.43478264,13.56521736,49.04347824,22.95652176
9,0.092783505,13,0.134020619,25,0.257731959,50,0.515463918,11.1340206,16.08247428,30.92783508,61.85567016,0.939411407,0,11.1340206,16.08247428,30.92783508,61.85567016
32,0.47761194,11,0.164179104,10,0.149253731,14,0.208955224,57.3134328,19.70149248,17.91044772,25.07462688,0.106463667,1,57.41989647,19.80795615,18.01691139,25.18109055
21,0.24137931,32,0.367816092,19,0.218390805,15,0.172413793,28.9655172,44.13793104,26.2068966,20.68965516,0.965545727,0,28.9655172,44.13793104,26.2068966,20.68965516
18,0.181818182,9,0.090909091,48,0.484848485,24,0.242424242,21.81818184,10.90909092,58.1818182,29.09090904,0.870700912,-1,20.94748093,10.03839001,57.31111729,28.22020813
6,0.070588235,39,0.458823529,16,0.188235294,24,0.282352941,8.4705882,55.05882348,22.58823528,33.88235292,0.173675999,1,8.644264199,55.23249948,22.76191128,34.05602892
8,0.131147541,20,0.327868852,5,0.081967213,28,0.459016393,15.73770492,39.34426224,9.83606556,55.08196716,0.401899628,1,16.13960455,39.74616187,10.23796519,55.48386679
4,0.03960396,12,0.118811881,37,0.366336634,48,0.475247525,4.7524752,14.25742572,43.96039608,57.029703,0.146867505,0,4.7524752,14.25742572,43.96039608,57.029703
6,0.065217391,48,0.52173913,30,0.326086957,8,0.086956522,7.82608692,62.6086956,39.13043484,10.43478264,0.299007603,1,8.125094523,62.9077032,39.42944244,10.73379024
4,0.095238095,22,0.523809524,5,0.119047619,11,0.261904762,11.4285714,62.85714288,14.28571428,31.42857144,0.966378732,1,12.39495013,63.82352161,15.25209301,32.39495017
18,0.148760331,5,0.041322314,50,0.41322314,48,0.396694215,17.85123972,4.95867768,49.5867768,47.6033058,0.802689705,-1,17.04855002,4.155987975,48.7840871,46.8006161
23,0.175572519,48,0.366412214,14,0.106870229,46,0.351145038,21.06870228,43.96946568,12.82442748,42.13740456,0.759085105,-1,20.30961718,43.21038058,12.06534238,41.37831946
14,0.333333333,11,0.261904762,3,0.071428571,14,0.333333333,39.99999996,31.42857144,8.57142852,39.99999996,0.070304227,0,39.99999996,31.42857144,8.57142852,39.99999996
48,0.551724138,2,0.022988506,15,0.172413793,22,0.252873563,66.20689656,2.75862072,20.68965516,30.34482756,0.312196803,0,66.20689656,2.75862072,20.68965516,30.34482756
49,0.360294118,18,0.132352941,24,0.176470588,45,0.330882353,43.23529416,15.88235292,21.17647056,39.70588236,0.805540176,0,43.23529416,15.88235292,21.17647056,39.70588236
19,0.213483146,0,0,36,0.404494382,34,0.382022472,25.61797752,0,48.53932584,45.84269664,0.221229537,1,25.83920706,0.221229537,48.76055538,46.06392618
33,0.347368421,7,0.073684211,19,0.2,36,0.378947368,41.68421052,8.84210532,24,45.47368416,0.127697277,-1,41.55651324,8.714408043,23.87230272,45.34598688
47,0.328671329,34,0.237762238,34,0.237762238,28,0.195804196,39.44055948,28.53146856,28.53146856,23.49650352,0.244426083,-1,39.1961334,28.28704248,28.28704248,23.25207744
29,0.263636364,28,0.254545455,35,0.318181818,18,0.163636364,31.63636368,30.5454546,38.18181816,19.63636368,0.035542443,0,31.63636368,30.5454546,38.18181816,19.63636368
15,0.3125,5,0.104166667,13,0.270833333,15,0.3125,37.5,12.50000004,32.49999996,37.5,0.081954147,0,37.5,12.50000004,32.49999996,37.5
26,0.25,46,0.442307692,1,0.009615385,31,0.298076923,30,53.07692304,1.1538462,35.76923076,0.326911814,-1,29.67308819,52.75001123,0.826934386,35.44231895
7,0.081395349,35,0.406976744,12,0.139534884,32,0.372093023,9.76744188,48.83720928,16.74418608,44.65116276,0.671155775,1,10.43859765,49.50836505,17.41534185,45.32231853
14,0.264150943,7,0.132075472,31,0.58490566,1,0.018867925,31.69811316,15.84905664,70.1886792,2.264151,0.565595737,1,32.2637089,16.41465238,70.75427494,2.829746737
29,0.245762712,33,0.279661017,16,0.13559322,40,0.338983051,29.49152544,33.55932204,16.2711864,40.67796612,0.928364772,-1,28.56316067,32.63095727,15.34282163,39.74960135
37,0.362745098,29,0.284313725,8,0.078431373,28,0.274509804,43.52941176,34.117647,9.41176476,32.94117648,0.216841307,-1,43.31257045,33.90080569,9.194923453,32.72433517
31,0.397435897,13,0.166666667,32,0.41025641,2,0.025641026,47.69230764,20.00000004,49.2307692,3.07692312,0.143662191,1,47.83596983,20.14366223,49.37443139,3.220585311
47,0.439252336,18,0.168224299,3,0.028037383,39,0.364485981,52.71028032,20.18691588,3.36448596,43.73831772,0.071383625,0,52.71028032,20.18691588,3.36448596,43.73831772
28,0.237288136,32,0.271186441,37,0.313559322,21,0.177966102,28.47457632,32.54237292,37.62711864,21.35593224,0.17548132,1,28.65005764,32.71785424,37.80259996,21.53141356
19,0.37254902,1,0.019607843,6,0.117647059,25,0.490196078,44.7058824,2.35294116,14.11764708,58.82352936,0.735187787,-1,43.97069461,1.617753373,13.38245929,58.08834157
17,0.145299145,11,0.094017094,46,0.393162393,43,0.367521368,17.4358974,11.28205128,47.17948716,44.10256416,0.023265086,1,17.45916249,11.30531637,47.20275225,44.12582925
14,0.16091954,13,0.149425287,27,0.310344828,33,0.379310345,19.3103448,17.93103444,37.24137936,45.5172414,0.547052481,0,19.3103448,17.93103444,37.24137936,45.5172414
30,0.254237288,5,0.042372881,48,0.406779661,35,0.296610169,30.50847456,5.08474572,48.81355932,35.59322028,0.7951322,-1,29.71334236,4.28961352,48.01842712,34.79808808
32,0.372093023,14,0.162790698,38,0.441860465,2,0.023255814,44.65116276,19.53488376,53.0232558,2.79069768,0.397457139,0,44.65116276,19.53488376,53.0232558,2.79069768
12,0.153846154,33,0.423076923,18,0.230769231,15,0.192307692,18.46153848,50.76923076,27.69230772,23.07692304,0.159094698,-1,18.30244378,50.61013606,27.53321302,22.91782834
8,0.163265306,8,0.163265306,5,0.102040816,28,0.571428571,19.59183672,19.59183672,12.24489792,68.57142852,0.082890967,-1,19.50894575,19.50894575,12.16200695,68.48853755
45,0.304054054,28,0.189189189,26,0.175675676,49,0.331081081,36.48648648,22.70270268,21.08108112,39.72972972,0.300225983,1,36.78671246,23.00292866,21.3813071,40.0299557
43,0.349593496,34,0.276422764,18,0.146341463,28,0.227642276,41.95121952,33.17073168,17.56097556,27.31707312,0.967848734,-1,40.98337079,32.20288295,16.59312683,26.34922439
36,0.310344828,44,0.379310345,31,0.267241379,5,0.043103448,37.24137936,45.5172414,32.06896548,5.17241376,0.927791825,0,37.24137936,45.5172414,32.06896548,5.17241376
25,0.204918033,41,0.336065574,25,0.204918033,31,0.254098361,24.59016396,40.32786888,24.59016396,30.49180332,0.345897373,1,24.93606133,40.67376625,24.93606133,30.83770069
42,0.461538462,31,0.340659341,6,0.065934066,12,0.131868132,55.38461544,40.87912092,7.91208792,15.82417584,0.885892444,-1,54.498723,39.99322848,7.026195476,14.9382834
48,0.28742515,42,0.251497006,40,0.239520958,37,0.221556886,34.491018,30.17964072,28.74251496,26.58682632,0.7514773,1,35.2424953,30.93111802,29.49399226,27.33830362
33,0.244444444,48,0.355555556,35,0.259259259,19,0.140740741,29.33333328,42.66666672,31.11111108,16.88888892,0.954061628,0,29.33333328,42.66666672,31.11111108,16.88888892
33,0.323529412,25,0.245098039,10,0.098039216,34,0.333333333,38.82352944,29.41176468,11.76470592,39.99999996,0.140311732,0,38.82352944,29.41176468,11.76470592,39.99999996
26,0.25,42,0.403846154,4,0.038461538,32,0.307692308,30,48.46153848,4.61538456,36.92307696,0.03021049,1,30.03021049,48.49174897,4.64559505,36.95328745
27,0.234782609,11,0.095652174,46,0.4,31,0.269565217,28.17391308,11.47826088,48,32.34782604,0.609158443,-1,27.56475464,10.86910244,47.39084156,31.7386676
23,0.242105263,8,0.084210526,43,0.452631579,21,0.221052632,29.05263156,10.10526312,54.31578948,26.52631584,0.285785249,0,29.05263156,10.10526312,54.31578948,26.52631584
4,0.048192771,21,0.253012048,24,0.289156627,34,0.409638554,5.78313252,30.36144576,34.69879524,49.15662648,0.736951376,-1,5.046181144,29.62449438,33.96184386,48.4196751
12,0.16,3,0.04,49,0.653333333,11,0.146666667,19.2,4.8,78.39999996,17.60000004,0.647081066,0,19.2,4.8,78.39999996,17.60000004
45,0.391304348,30,0.260869565,9,0.07826087,31,0.269565217,46.95652176,31.3043478,9.3913044,32.34782604,0.719842675,0,46.95652176,31.3043478,9.3913044,32.34782604
50,0.505050505,2,0.02020202,13,0.131313131,34,0.343434343,60.6060606,2.4242424,15.75757572,41.21212116,0.849681283,0,60.6060606,2.4242424,15.75757572,41.21212116
30,0.25,42,0.35,33,0.275,15,0.125,30,42,33,15,0.237929761,1,30.23792976,42.23792976,33.23792976,15.23792976
4,0.071428571,19,0.339285714,19,0.339285714,14,0.25,8.57142852,40.71428568,40.71428568,30,0.042956231,0,8.57142852,40.71428568,40.71428568,30
28,0.294736842,36,0.378947368,4,0.042105263,27,0.284210526,35.36842104,45.47368416,5.05263156,34.10526312,0.015435997,-1,35.35298504,45.45824816,5.037195563,34.08982712
38,0.339285714,6,0.053571429,35,0.3125,33,0.294642857,40.71428568,6.42857148,37.5,35.35714284,0.218536166,-1,40.49574951,6.210035314,37.28146383,35.13860667
16,0.152380952,41,0.39047619,14,0.133333333,34,0.323809524,18.28571424,46.8571428,15.99999996,38.85714288,0.111617105,0,18.28571424,46.8571428,15.99999996,38.85714288
4,0.04,47,0.47,29,0.29,20,0.2,4.8,56.4,34.8,24,0.221148387,-1,4.578851613,56.17885161,34.57885161,23.77885161
44,0.303448276,36,0.248275862,38,0.262068966,27,0.186206897,36.41379312,29.79310344,31.44827592,22.34482764,0.587513396,1,37.00130652,30.38061684,32.03578932,22.93234104
12,0.12244898,32,0.326530612,15,0.153061224,39,0.397959184,14.6938776,39.18367344,18.36734688,47.75510208,0.157291013,1,14.85116861,39.34096445,18.52463789,47.91239309
28,0.239316239,50,0.427350427,5,0.042735043,34,0.290598291,28.71794868,51.28205124,5.12820516,34.87179492,0.78460443,-1,27.93334425,50.49744681,4.34360073,34.08719049
16,0.163265306,18,0.183673469,28,0.285714286,36,0.367346939,19.59183672,22.04081628,34.28571432,44.08163268,0.983639353,-1,18.60819737,21.05717693,33.30207497,43.09799333
25,0.219298246,38,0.333333333,20,0.175438596,31,0.271929825,26.31578952,39.99999996,21.05263152,32.631579,0.39059349,0,26.31578952,39.99999996,21.05263152,32.631579
24,0.303797468,13,0.164556962,37,0.46835443,5,0.063291139,36.45569616,19.74683544,56.2025316,7.59493668,0.89148075,1,37.34717691,20.63831619,57.09401235,8.48641743
44,0.325925926,30,0.222222222,38,0.281481481,23,0.17037037,39.11111112,26.66666664,33.77777772,20.4444444,0.01945804,0,39.11111112,26.66666664,33.77777772,20.4444444
44,0.44,15,0.15,37,0.37,4,0.04,52.8,18,44.4,4.8,0.16918683,1,52.96918683,18.16918683,44.56918683,4.96918683
20,0.202020202,20,0.202020202,34,0.343434343,25,0.252525253,24.24242424,24.24242424,41.21212116,30.30303036,0.175042122,0,24.24242424,24.24242424,41.21212116,30.30303036
47,0.358778626,40,0.305343511,1,0.007633588,43,0.328244275,43.05343512,36.64122132,0.91603056,39.389313,0.973112312,-1,42.08032281,35.66810901,-0.057081752,38.41620069
13,0.139784946,21,0.225806452,31,0.333333333,28,0.301075269,16.77419352,27.09677424,39.99999996,36.12903228,0.641088763,0,16.77419352,27.09677424,39.99999996,36.12903228
23,0.209090909,26,0.236363636,17,0.154545455,44,0.4,25.09090908,28.36363632,18.5454546,48,0.768150197,1,25.85905928,29.13178652,19.3136048,48.7681502
2,0.019417476,32,0.310679612,34,0.330097087,35,0.339805825,2.33009712,37.28155344,39.61165044,40.776699,0.889659885,1,3.219757005,38.17121332,40.50131032,41.66635888
47,0.335714286,22,0.157142857,25,0.178571429,46,0.328571429,40.28571432,18.85714284,21.42857148,39.42857148,0.039262239,1,40.32497656,18.89640508,21.46783372,39.46783372
13,0.139784946,5,0.053763441,26,0.279569892,49,0.52688172,16.77419352,6.45161292,33.54838704,63.2258064,0.39488113,-1,16.37931239,6.05673179,33.15350591,62.83092527
35,0.380434783,8,0.086956522,40,0.434782609,9,0.097826087,45.65217396,10.43478264,52.17391308,11.73913044,0.91262585,0,45.65217396,10.43478264,52.17391308,11.73913044
27,0.230769231,24,0.205128205,47,0.401709402,19,0.162393162,27.69230772,24.6153846,48.20512824,19.48717944,0.724074528,0,27.69230772,24.6153846,48.20512824,19.48717944
22,0.147651007,50,0.33557047,44,0.295302013,33,0.22147651,17.71812084,40.2684564,35.43624156,26.5771812,0.927093626,0,17.71812084,40.2684564,35.43624156,26.5771812
11,0.11,19,0.19,35,0.35,35,0.35,13.2,22.8,42,42,0.837901237,0,13.2,22.8,42,42
18,0.148760331,48,0.396694215,17,0.140495868,38,0.314049587,17.85123972,47.6033058,16.85950416,37.68595044,0.617358698,1,18.46859842,48.2206645,17.47686286,38.30330914
9,0.096774194,35,0.376344086,37,0.397849462,12,0.129032258,11.61290328,45.16129032,47.74193544,15.48387096,0.622840162,0,11.61290328,45.16129032,47.74193544,15.48387096
39,0.268965517,32,0.220689655,45,0.310344828,29,0.2,32.27586204,26.4827586,37.24137936,24,0.963043285,1,33.23890533,27.44580189,38.20442265,24.96304329
34,0.386363636,25,0.284090909,13,0.147727273,16,0.181818182,46.36363632,34.09090908,17.72727276,21.81818184,0.620716292,-1,45.74292003,33.47019279,17.10655647,21.19746555
16,0.145454545,27,0.245454545,19,0.172727273,48,0.436363636,17.4545454,29.4545454,20.72727276,52.36363632,0.502030856,-1,16.95251454,28.95251454,20.2252419,51.86160546
7,0.106060606,10,0.151515152,8,0.121212121,41,0.621212121,12.72727272,18.18181824,14.54545452,74.54545452,0.99692868,1,13.7242014,19.17874692,15.5423832,75.5423832
50,0.331125828,29,0.19205298,30,0.198675497,42,0.278145695,39.73509936,23.0463576,23.84105964,33.3774834,0.570377518,-1,39.16472184,22.47598008,23.27068212,32.80710588
34,0.22972973,48,0.324324324,45,0.304054054,21,0.141891892,27.5675676,38.91891888,36.48648648,17.02702704,0.016352411,0,27.5675676,38.91891888,36.48648648,17.02702704
32,0.285714286,2,0.017857143,43,0.383928571,35,0.3125,34.28571432,2.14285716,46.07142852,37.5,0.134453462,-1,34.15126086,2.008403698,45.93697506,37.36554654
15,0.384615385,5,0.128205128,6,0.153846154,13,0.333333333,46.1538462,15.38461536,18.46153848,39.99999996,0.539855757,1,46.69370196,15.92447112,19.00139424,40.53985572
29,0.247863248,27,0.230769231,16,0.136752137,45,0.384615385,29.74358976,27.69230772,16.41025644,46.1538462,0.260063123,0,29.74358976,27.69230772,16.41025644,46.1538462
14,0.2,28,0.4,14,0.2,14,0.2,24,48,24,24,0.474621781,-1,23.52537822,47.52537822,23.52537822,23.52537822
3,0.042253521,28,0.394366197,30,0.422535211,10,0.14084507,5.07042252,47.32394364,50.70422532,16.9014084,0.243273787,0,5.07042252,47.32394364,50.70422532,16.9014084
25,0.198412698,44,0.349206349,28,0.222222222,29,0.23015873,23.80952376,41.90476188,26.66666664,27.6190476,0.387207248,-1,23.42231651,41.51755463,26.27945939,27.23184035
26,0.419354839,1,0.016129032,32,0.516129032,3,0.048387097,50.32258068,1.93548384,61.93548384,5.80645164,0.110693395,1,50.43327408,2.046177235,62.04617724,5.917145035
36,0.283464567,26,0.204724409,45,0.354330709,20,0.157480315,34.01574804,24.56692908,42.51968508,18.8976378,0.558214963,0,34.01574804,24.56692908,42.51968508,18.8976378
38,0.275362319,22,0.15942029,42,0.304347826,36,0.260869565,33.04347828,19.1304348,36.52173912,31.3043478,0.305857379,-1,32.7376209,18.82457742,36.21588174,30.99849042
43,0.355371901,24,0.198347107,35,0.289256198,19,0.157024793,42.64462812,23.80165284,34.71074376,18.84297516,0.326324316,-1,42.3183038,23.47532852,34.38441944,18.51665084
26,0.325,14,0.175,18,0.225,22,0.275,39,21,27,33,0.493899889,1,39.49389989,21.49389989,27.49389989,33.49389989
41,0.706896552,1,0.017241379,4,0.068965517,12,0.206896552,84.82758624,2.06896548,8.27586204,24.82758624,0.817538711,-1,84.01004753,1.251426769,7.458323329,24.01004753
36,0.236842105,34,0.223684211,45,0.296052632,37,0.243421053,28.4210526,26.84210532,35.52631584,29.21052636,0.463253804,0,28.4210526,26.84210532,35.52631584,29.21052636
46,0.657142857,5,0.071428571,1,0.014285714,18,0.257142857,78.85714284,8.57142852,1.71428568,30.85714284,0.004614958,0,78.85714284,8.57142852,1.71428568,30.85714284
35,0.275590551,47,0.37007874,29,0.228346457,16,0.125984252,33.07086612,44.4094488,27.40157484,15.11811024,0.357769457,0,33.07086612,44.4094488,27.40157484,15.11811024
39,0.276595745,32,0.226950355,36,0.255319149,34,0.241134752,33.1914894,27.2340426,30.63829788,28.93617024,0.078781975,-1,33.11270742,27.15526062,30.5595159,28.85738826
7,0.059322034,28,0.237288136,45,0.381355932,38,0.322033898,7.11864408,28.47457632,45.76271184,38.64406776,0.850024749,-1,6.268619331,27.62455157,44.91268709,37.79404301
17,0.274193548,21,0.338709677,15,0.241935484,9,0.14516129,32.90322576,40.64516124,29.03225808,17.4193548,0.710072226,0,32.90322576,40.64516124,29.03225808,17.4193548
35,0.402298851,5,0.057471264,7,0.08045977,40,0.459770115,48.27586212,6.89655168,9.6551724,55.1724138,0.737849481,0,48.27586212,6.89655168,9.6551724,55.1724138
2,0.022222222,6,0.066666667,49,0.544444444,33,0.366666667,2.66666664,8.00000004,65.33333328,44.00000004,0.461172999,1,3.127839639,8.461173039,65.79450628,44.46117304
41,0.322834646,26,0.204724409,47,0.37007874,13,0.102362205,38.74015752,24.56692908,44.4094488,12.2834646,0.274899297,-1,38.46525822,24.29202978,44.1345495,12.0085653
4,0.076923077,28,0.538461538,19,0.365384615,1,0.019230769,9.23076924,64.61538456,43.8461538,2.30769228,0.157675028,-1,9.073094212,64.45770953,43.68847877,2.150017252
12,0.19047619,41,0.650793651,2,0.031746032,8,0.126984127,22.8571428,78.09523812,3.80952384,15.23809524,0.018076909,1,22.87521971,78.11331503,3.827600749,15.25617215
16,0.192771084,37,0.445783133,12,0.144578313,18,0.21686747,23.13253008,53.49397596,17.34939756,26.0240964,0.049075838,0,23.13253008,53.49397596,17.34939756,26.0240964
14,0.17721519,18,0.227848101,24,0.303797468,23,0.291139241,21.2658228,27.34177212,36.45569616,34.93670892,0.821515887,1,22.08733869,28.16328801,37.27721205,35.75822481
26,0.185714286,28,0.2,45,0.321428571,41,0.292857143,22.28571432,24,38.57142852,35.14285716,0.951290261,-1,21.33442406,23.04870974,37.62013826,34.1915669
28,0.583333333,14,0.291666667,1,0.020833333,5,0.104166667,69.99999996,35.00000004,2.49999996,12.50000004,0.765357396,-1,69.23464256,34.23464264,1.734642564,11.73464264
30,0.2,50,0.333333333,22,0.146666667,48,0.32,24,39.99999996,17.60000004,38.4,0.236023219,1,24.23602322,40.23602318,17.83602326,38.63602322
32,0.25,22,0.171875,28,0.21875,46,0.359375,30,20.625,26.25,43.125,0.721776641,-1,29.27822336,19.90322336,25.52822336,42.40322336
32,0.385542169,9,0.108433735,6,0.072289157,36,0.43373494,46.26506028,13.0120482,8.67469884,52.0481928,0.579072164,1,46.84413244,13.59112036,9.253771004,52.62726496
20,0.285714286,16,0.228571429,6,0.085714286,28,0.4,34.28571432,27.42857148,10.28571432,48,0.036639941,-1,34.24907438,27.39193154,10.24907438,47.96336006
41,0.294964029,50,0.35971223,5,0.035971223,43,0.309352518,35.39568348,43.1654676,4.31654676,37.12230216,0.699867737,0,35.39568348,43.1654676,4.31654676,37.12230216
7,0.076923077,45,0.494505495,35,0.384615385,4,0.043956044,9.23076924,59.3406594,46.1538462,5.27472528,0.741861674,1,9.972630914,60.08252107,46.89570787,6.016586954
1,0.01,46,0.46,43,0.43,10,0.1,1.2,55.2,51.6,12,0.519186067,-1,0.680813933,54.68081393,51.08081393,11.48081393
6,0.075949367,30,0.379746835,7,0.088607595,36,0.455696203,9.11392404,45.5696202,10.6329114,54.68354436,0.243613665,-1,8.870310375,45.32600654,10.38929774,54.4399307
28,0.227642276,44,0.357723577,35,0.284552846,16,0.130081301,27.31707312,42.92682924,34.14634152,15.60975612,0.990148062,0,27.31707312,42.92682924,34.14634152,15.60975612
12,0.230769231,8,0.153846154,15,0.288461538,17,0.326923077,27.69230772,18.46153848,34.61538456,39.23076924,0.040933532,-1,27.65137419,18.42060495,34.57445103,39.18983571
38,0.38,17,0.17,15,0.15,30,0.3,45.6,20.4,18,36,0.318785851,1,45.91878585,20.71878585,18.31878585,36.31878585
23,0.370967742,6,0.096774194,1,0.016129032,32,0.516129032,44.51612904,11.61290328,1.93548384,61.93548384,0.034197947,1,44.55032699,11.64710123,1.969681787,61.96968179
16,0.168421053,17,0.178947368,27,0.284210526,35,0.368421053,20.21052636,21.47368416,34.10526312,44.21052636,0.79977554,-1,19.41075082,20.67390862,33.30548758,43.41075082
40,0.373831776,37,0.345794393,7,0.065420561,23,0.214953271,44.85981312,41.49532716,7.85046732,25.79439252,0.738277353,0,44.85981312,41.49532716,7.85046732,25.79439252
9,0.15,27,0.45,6,0.1,18,0.3,18,54,12,36,0.75181953,1,18.75181953,54.75181953,12.75181953,36.75181953
50,0.41322314,22,0.181818182,42,0.347107438,7,0.05785124,49.5867768,21.81818184,41.65289256,6.9421488,0.31188322,1,49.89866002,22.13006506,41.96477578,7.25403202
10,0.103092784,24,0.24742268,34,0.350515464,29,0.298969072,12.37113408,29.6907216,42.06185568,35.87628864,0.42249573,1,12.79362981,30.11321733,42.48435141,36.29878437
33,0.458333333,19,0.263888889,12,0.166666667,8,0.111111111,54.99999996,31.66666668,20.00000004,13.33333332,0.793584006,1,55.79358397,32.46025069,20.79358405,14.12691733
4,0.090909091,5,0.113636364,8,0.181818182,27,0.613636364,10.90909092,13.63636368,21.81818184,73.63636368,0.376534623,1,11.28562554,14.0128983,22.19471646,74.0128983
4,0.08,10,0.2,19,0.38,17,0.34,9.6,24,45.6,40.8,0.214586738,0,9.6,24,45.6,40.8
2,0.018181818,47,0.427272727,32,0.290909091,29,0.263636364,2.18181816,51.27272724,34.90909092,31.63636368,0.1594229,-1,2.02239526,51.11330434,34.74966802,31.47694078
10,0.084745763,34,0.288135593,47,0.398305085,27,0.228813559,10.16949156,34.57627116,47.7966102,27.45762708,0.980447086,1,11.14993865,35.55671825,48.77705729,28.43807417
3,0.031578947,19,0.2,42,0.442105263,31,0.326315789,3.78947364,24,53.05263156,39.15789468,0.457846219,0,3.78947364,24,53.05263156,39.15789468
1,0.009090909,33,0.3,40,0.363636364,36,0.327272727,1.09090908,36,43.63636368,39.27272724,0.545652528,1,1.636561608,36.54565253,44.18201621,39.81837977
21,0.2,30,0.285714286,25,0.238095238,29,0.276190476,24,34.28571432,28.57142856,33.14285712,0.254056827,-1,23.74594317,34.03165749,28.31737173,32.88880029
20,0.222222222,5,0.055555556,33,0.366666667,32,0.355555556,26.66666664,6.66666672,44.00000004,42.66666672,0.938419928,0,26.66666664,6.66666672,44.00000004,42.66666672
19,0.152,46,0.368,11,0.088,49,0.392,18.24,44.16,10.56,47.04,0.25404544,1,18.49404544,44.41404544,10.81404544,47.29404544
15,0.109489051,36,0.262773723,38,0.277372263,48,0.350364964,13.13868612,31.53284676,33.28467156,42.04379568,0.525840109,-1,12.61284601,31.00700665,32.75883145,41.51795557
21,0.238636364,15,0.170454545,33,0.375,19,0.215909091,28.63636368,20.4545454,45,25.90909092,0.86766924,-1,27.76869444,19.58687616,44.13233076,25.04142168
33,0.4125,13,0.1625,31,0.3875,3,0.0375,49.5,19.5,46.5,4.5,0.925591758,1,50.42559176,20.42559176,47.42559176,5.425591758
25,0.257731959,2,0.020618557,32,0.329896907,38,0.391752577,30.92783508,2.47422684,39.58762884,47.01030924,0.257595047,0,30.92783508,2.47422684,39.58762884,47.01030924
9,0.102272727,5,0.056818182,28,0.318181818,46,0.522727273,12.27272724,6.81818184,38.18181816,62.72727276,0.264358874,-1,12.00836837,6.553822966,37.91745929,62.46291389
9,0.077586207,32,0.275862069,49,0.422413793,26,0.224137931,9.31034484,33.10344828,50.68965516,26.89655172,0.828953499,1,10.13929834,33.93240178,51.51860866,27.72550522
27,0.232758621,36,0.310344828,38,0.327586207,15,0.129310345,27.93103452,37.24137936,39.31034484,15.5172414,0.189848145,0,27.93103452,37.24137936,39.31034484,15.5172414
27,0.5625,6,0.125,9,0.1875,6,0.125,67.5,15,22.5,15,0.150820214,0,67.5,15,22.5,15
20,0.24691358,31,0.382716049,7,0.086419753,23,0.283950617,29.6296296,45.92592588,10.37037036,34.07407404,0.776213309,1,30.40584291,46.70213919,11.14658367,34.85028735
39,0.312,21,0.168,40,0.32,25,0.2,37.44,20.16,38.4,24,0.870724541,0,37.44,20.16,38.4,24
45,0.3,31,0.206666667,29,0.193333333,45,0.3,36,24.80000004,23.19999996,36,0.531796168,-1,35.46820383,24.26820387,22.66820379,35.46820383
32,0.336842105,8,0.084210526,38,0.4,17,0.178947368,40.4210526,10.10526312,48,21.47368416,0.481990763,0,40.4210526,10.10526312,48,21.47368416
1,0.014084507,21,0.295774648,0,0,49,0.690140845,1.69014084,35.49295776,0,82.8169014,0.620928996,0,1.69014084,35.49295776,0,82.8169014
49,0.355072464,42,0.304347826,11,0.079710145,36,0.260869565,42.60869568,36.52173912,9.5652174,31.3043478,0.918213058,-1,41.69048262,35.60352606,8.647004342,30.38613474
33,0.294642857,20,0.178571429,46,0.410714286,13,0.116071429,35.35714284,21.42857148,49.28571432,13.92857148,0.569552418,0,35.35714284,21.42857148,49.28571432,13.92857148
1,0.017241379,33,0.568965517,9,0.155172414,15,0.25862069,2.06896548,68.27586204,18.62068968,31.0344828,0.902092398,-1,1.166873082,67.37376964,17.71859728,30.1323904
32,0.260162602,41,0.333333333,12,0.097560976,38,0.308943089,31.21951224,39.99999996,11.70731712,37.07317068,0.769880653,1,31.98939289,40.76988061,12.47719777,37.84305133
31,0.213793103,39,0.268965517,33,0.227586207,42,0.289655172,25.65517236,32.27586204,27.31034484,34.75862064,0.172120131,-1,25.48305223,32.10374191,27.13822471,34.58650051
18,0.123287671,43,0.294520548,39,0.267123288,46,0.315068493,14.79452052,35.34246576,32.05479456,37.80821916,0.745237326,0,14.79452052,35.34246576,32.05479456,37.80821916
21,0.160305344,24,0.183206107,38,0.290076336,48,0.366412214,19.23664128,21.98473284,34.80916032,43.96946568,0.720687329,0,19.23664128,21.98473284,34.80916032,43.96946568
16,0.173913043,18,0.195652174,50,0.543478261,8,0.086956522,20.86956516,23.47826088,65.21739132,10.43478264,0.712617055,0,20.86956516,23.47826088,65.21739132,10.43478264
39,0.40625,26,0.270833333,29,0.302083333,2,0.020833333,48.75,32.49999996,36.24999996,2.49999996,0.071298623,1,48.82129862,32.57129858,36.32129858,2.571298583
21,0.15,40,0.285714286,45,0.321428571,34,0.242857143,18,34.28571432,38.57142852,29.14285716,0.701248875,-1,17.29875112,33.58446544,37.87017964,28.44160828
15,0.142857143,28,0.266666667,28,0.266666667,34,0.323809524,17.14285716,32.00000004,32.00000004,38.85714288,0.483238925,1,17.62609609,32.48323897,32.48323897,39.34038181
2,0.020833333,43,0.447916667,8,0.083333333,43,0.447916667,2.49999996,53.75000004,9.99999996,53.75000004,0.178843559,0,2.49999996,53.75000004,9.99999996,53.75000004
31,0.279279279,43,0.387387387,14,0.126126126,23,0.207207207,33.51351348,46.48648644,15.13513512,24.86486484,0.440334509,0,33.51351348,46.48648644,15.13513512,24.86486484
27,0.212598425,42,0.330708661,34,0.267716535,24,0.188976378,25.511811,39.68503932,32.1259842,22.67716536,0.122275038,-1,25.38953596,39.56276428,32.00370916,22.55489032
30,0.3125,29,0.302083333,12,0.125,25,0.260416667,37.5,36.24999996,15,31.25000004,0.188970554,0,37.5,36.24999996,15,31.25000004
1,0.043478261,1,0.043478261,14,0.608695652,7,0.304347826,5.21739132,5.21739132,73.04347824,36.52173912,0.089964968,1,5.307356288,5.307356288,73.13344321,36.61170409
21,0.166666667,43,0.341269841,18,0.142857143,44,0.349206349,20.00000004,40.95238092,17.14285716,41.90476188,0.79586284,1,20.79586288,41.74824376,17.93872,42.70062472
45,0.346153846,48,0.369230769,3,0.023076923,34,0.261538462,41.53846152,44.30769228,2.76923076,31.38461544,0.232747783,0,41.53846152,44.30769228,2.76923076,31.38461544
1,0.011627907,26,0.302325581,38,0.441860465,21,0.244186047,1.39534884,36.27906972,53.0232558,29.30232564,0.513329162,0,1.39534884,36.27906972,53.0232558,29.30232564
26,0.234234234,15,0.135135135,48,0.432432432,22,0.198198198,28.10810808,16.2162162,51.89189184,23.78378376,0.610487266,0,28.10810808,16.2162162,51.89189184,23.78378376
4,0.052631579,26,0.342105263,44,0.578947368,2,0.026315789,6.31578948,41.05263156,69.47368416,3.15789468,0.770641494,0,6.31578948,41.05263156,69.47368416,3.15789468
6,0.0625,43,0.447916667,31,0.322916667,16,0.166666667,7.5,53.75000004,38.75000004,20.00000004,0.85537802,0,7.5,53.75000004,38.75000004,20.00000004
7,0.069306931,16,0.158415842,43,0.425742574,35,0.346534653,8.31683172,19.00990104,51.08910888,41.58415836,0.578756297,1,8.895588017,19.58865734,51.66786518,42.16291466
17,0.171717172,3,0.03030303,34,0.343434343,45,0.454545455,20.60606064,3.6363636,41.21212116,54.5454546,0.038371069,1,20.64443171,3.674734669,41.25049223,54.58382567
