Lane1,Lane1#,Lane2,Lane2#,Lane3,Lane3#,Lane4,Lane4#,greentime1,greentime2,greentime3,greentime4
36,0.330275229,39,0.357798165,33,0.302752294,1,0.009174312,39.63302748,42.9357798,36.33027528,1.10091744
10,0.12987013,4,0.051948052,40,0.519480519,23,0.298701299,15.5844156,6.23376624,62.33766228,35.84415588
25,0.268817204,47,0.505376344,15,0.161290323,6,0.064516129,32.25806448,60.64516128,19.35483876,7.74193548
37,0.373737374,22,0.222222222,17,0.171717172,23,0.232323232,44.84848488,26.66666664,20.60606064,27.87878784
39,0.3046875,14,0.109375,33,0.2578125,42,0.328125,36.5625,13.125,30.9375,39.375
27,0.259615385,2,0.019230769,32,0.307692308,43,0.413461538,31.1538462,2.30769228,36.92307696,49.61538456
4,0.035714286,26,0.232142857,40,0.357142857,42,0.375,4.28571432,27.85714284,42.85714284,45
20,0.151515152,43,0.325757576,35,0.265151515,34,0.257575758,18.18181824,39.09090912,31.8181818,30.90909096
47,0.350746269,33,0.246268657,46,0.343283582,8,0.059701493,42.08955228,29.55223884,41.19402984,7.16417916
15,0.172413793,1,0.011494253,26,0.298850575,45,0.517241379,20.68965516,1.37931036,35.862069,62.06896548
14,0.152173913,16,0.173913043,43,0.467391304,19,0.206521739,18.26086956,20.86956516,56.08695648,24.78260868
17,0.309090909,21,0.381818182,17,0.309090909,0,0,37.09090908,45.81818184,37.09090908,0
18,0.159292035,37,0.327433628,12,0.10619469,46,0.407079646,19.1150442,39.29203536,12.7433628,48.84955752
34,0.288135593,49,0.415254237,2,0.016949153,33,0.279661017,34.57627116,49.83050844,2.03389836,33.55932204
9,0.243243243,4,0.108108108,6,0.162162162,18,0.486486486,29.18918916,12.97297296,19.45945944,58.37837832
33,0.311320755,20,0.188679245,48,0.452830189,5,0.047169811,37.3584906,22.6415094,54.33962268,5.66037732
32,0.288288288,32,0.288288288,20,0.18018018,27,0.243243243,34.59459456,34.59459456,21.6216216,29.18918916
30,0.3125,13,0.135416667,44,0.458333333,9,0.09375,37.5,16.25000004,54.99999996,11.25
26,0.247619048,37,0.352380952,4,0.038095238,38,0.361904762,29.71428576,42.28571424,4.57142856,43.42857144
11,0.152777778,9,0.125,44,0.611111111,8,0.111111111,18.33333336,15,73.33333332,13.33333332
34,0.4,6,0.070588235,23,0.270588235,22,0.258823529,48,8.4705882,32.4705882,31.05882348
42,0.591549296,3,0.042253521,15,0.211267606,11,0.154929577,70.98591552,5.07042252,25.35211272,18.59154924
2,0.027027027,31,0.418918919,22,0.297297297,19,0.256756757,3.24324324,50.27027028,35.67567564,30.81081084
33,0.347368421,2,0.021052632,24,0.252631579,36,0.378947368,41.68421052,2.52631584,30.31578948,45.47368416
44,0.403669725,15,0.137614679,24,0.220183486,26,0.23853211,48.440367,16.51376148,26.42201832,28.6238532
9,0.080357143,30,0.267857143,48,0.428571429,25,0.223214286,9.64285716,32.14285716,51.42857148,26.78571432
5,0.040650407,48,0.390243902,46,0.37398374,24,0.195121951,4.87804884,46.82926824,44.8780488,23.41463412
12,0.155844156,22,0.285714286,20,0.25974026,23,0.298701299,18.70129872,34.28571432,31.1688312,35.84415588
16,0.23880597,46,0.686567164,3,0.044776119,2,0.029850746,28.6567164,82.38805968,5.37313428,3.58208952
10,0.078125,46,0.359375,37,0.2890625,35,0.2734375,9.375,43.125,34.6875,32.8125
47,0.5875,27,0.3375,0,0,6,0.075,70.5,40.5,0,9
23,0.18852459,44,0.360655738,47,0.385245902,8,0.06557377,22.6229508,43.27868856,46.22950824,7.8688524
3,0.047619048,4,0.063492063,37,0.587301587,19,0.301587302,5.71428576,7.61904756,70.47619044,36.19047624
25,0.240384615,7,0.067307692,44,0.423076923,28,0.269230769,28.8461538,8.07692304,50.76923076,32.30769228
8,0.121212121,15,0.227272727,4,0.060606061,39,0.590909091,14.54545452,27.27272724,7.27272732,70.90909092
19,0.18627451,24,0.235294118,16,0.156862745,43,0.421568627,22.3529412,28.23529416,18.8235294,50.58823524
3,0.053571429,2,0.035714286,19,0.339285714,32,0.571428571,6.42857148,4.28571432,40.71428568,68.57142852
10,0.113636364,17,0.193181818,38,0.431818182,23,0.261363636,13.63636368,23.18181816,51.81818184,31.36363632
15,0.12295082,23,0.18852459,46,0.37704918,38,0.31147541,14.7540984,22.6229508,45.2459016,37.3770492
47,0.419642857,30,0.267857143,20,0.178571429,15,0.133928571,50.35714284,32.14285716,21.42857148,16.07142852
30,0.352941176,30,0.352941176,13,0.152941176,12,0.141176471,42.35294112,42.35294112,18.35294112,16.94117652
42,0.344262295,30,0.245901639,24,0.196721311,26,0.213114754,41.3114754,29.50819668,23.60655732,25.57377048
15,0.288461538,10,0.192307692,12,0.230769231,15,0.288461538,34.61538456,23.07692304,27.69230772,34.61538456
48,0.448598131,7,0.065420561,19,0.177570093,33,0.308411215,53.83177572,7.85046732,21.30841116,37.0093458
42,0.617647059,10,0.147058824,13,0.191176471,3,0.044117647,74.11764708,17.64705888,22.94117652,5.29411764
19,0.152,47,0.376,40,0.32,19,0.152,18.24,45.12,38.4,18.24
36,0.342857143,27,0.257142857,11,0.104761905,31,0.295238095,41.14285716,30.85714284,12.5714286,35.4285714
1,0.011235955,18,0.202247191,45,0.505617978,25,0.280898876,1.3483146,24.26966292,60.67415736,33.70786512
48,0.421052632,7,0.061403509,15,0.131578947,44,0.385964912,50.52631584,7.36842108,15.78947364,46.31578944
37,0.381443299,1,0.010309278,46,0.474226804,13,0.134020619,45.77319588,1.23711336,56.90721648,16.08247428
21,0.169354839,21,0.169354839,49,0.39516129,33,0.266129032,20.32258068,20.32258068,47.4193548,31.93548384
41,0.353448276,12,0.103448276,31,0.267241379,32,0.275862069,42.41379312,12.41379312,32.06896548,33.10344828
10,0.263157895,1,0.026315789,13,0.342105263,14,0.368421053,31.5789474,3.15789468,41.05263156,44.21052636
18,0.197802198,14,0.153846154,30,0.32967033,29,0.318681319,23.73626376,18.46153848,39.5604396,38.24175828
6,0.146341463,8,0.195121951,10,0.243902439,17,0.414634146,17.56097556,23.41463412,29.26829268,49.75609752
14,0.12173913,31,0.269565217,41,0.356521739,29,0.252173913,14.6086956,32.34782604,42.78260868,30.26086956
40,0.330578512,9,0.074380165,22,0.181818182,50,0.41322314,39.66942144,8.9256198,21.81818184,49.5867768
14,0.14,2,0.02,38,0.38,46,0.46,16.8,2.4,45.6,55.2
12,0.10619469,38,0.336283186,35,0.309734513,28,0.247787611,12.7433628,40.35398232,37.16814156,29.73451332
36,0.378947368,39,0.410526316,14,0.147368421,6,0.063157895,45.47368416,49.26315792,17.68421052,7.5789474
10,0.222222222,27,0.6,8,0.177777778,0,0,26.66666664,72,21.33333336,0
35,0.336538462,1,0.009615385,26,0.25,42,0.403846154,40.38461544,1.1538462,30,48.46153848
19,0.150793651,43,0.341269841,22,0.174603175,42,0.333333333,18.09523812,40.95238092,20.952381,39.99999996
41,0.546666667,24,0.32,5,0.066666667,5,0.066666667,65.60000004,38.4,8.00000004,8.00000004
19,0.234567901,20,0.24691358,42,0.518518519,0,0,28.14814812,29.6296296,62.22222228,0
41,0.630769231,1,0.015384615,11,0.169230769,12,0.184615385,75.69230772,1.8461538,20.30769228,22.1538462
48,0.360902256,35,0.263157895,32,0.240601504,18,0.135338346,43.30827072,31.5789474,28.87218048,16.24060152
30,0.441176471,26,0.382352941,0,0,12,0.176470588,52.94117652,45.88235292,0,21.17647056
32,0.220689655,38,0.262068966,31,0.213793103,44,0.303448276,26.4827586,31.44827592,25.65517236,36.41379312
12,0.292682927,15,0.365853659,10,0.243902439,4,0.097560976,35.12195124,43.90243908,29.26829268,11.70731712
13,0.180555556,37,0.513888889,2,0.027777778,20,0.277777778,21.66666672,61.66666668,3.33333336,33.33333336
20,0.15503876,34,0.263565891,40,0.310077519,35,0.271317829,18.6046512,31.62790692,37.20930228,32.55813948
12,0.363636364,1,0.03030303,14,0.424242424,6,0.181818182,43.63636368,3.6363636,50.90909088,21.81818184
14,0.141414141,24,0.242424242,32,0.323232323,29,0.292929293,16.96969692,29.09090904,38.78787876,35.15151516
2,0.035087719,10,0.175438596,32,0.561403509,13,0.228070175,4.21052628,21.05263152,67.36842108,27.368421
39,0.312,38,0.304,27,0.216,21,0.168,37.44,36.48,25.92,20.16
29,0.241666667,27,0.225,30,0.25,34,0.283333333,29.00000004,27,30,33.99999996
6,0.0625,7,0.072916667,34,0.354166667,49,0.510416667,7.5,8.75000004,42.50000004,61.25000004
16,0.253968254,29,0.46031746,7,0.111111111,11,0.174603175,30.47619048,55.2380952,13.33333332,20.952381
44,0.316546763,28,0.201438849,36,0.258992806,31,0.223021583,37.98561156,24.17266188,31.07913672,26.76258996
3,0.031578947,37,0.389473684,37,0.389473684,18,0.189473684,3.78947364,46.73684208,46.73684208,22.73684208
9,0.125,45,0.625,11,0.152777778,7,0.097222222,15,75,18.33333336,11.66666664
8,0.086956522,32,0.347826087,44,0.47826087,8,0.086956522,10.43478264,41.73913044,57.3913044,10.43478264
21,0.185840708,14,0.123893805,46,0.407079646,32,0.283185841,22.30088496,14.8672566,48.84955752,33.98230092
37,0.355769231,5,0.048076923,16,0.153846154,46,0.442307692,42.69230772,5.76923076,18.46153848,53.07692304
29,0.254385965,41,0.359649123,9,0.078947368,35,0.307017544,30.5263158,43.15789476,9.47368416,36.84210528
14,0.159090909,36,0.409090909,10,0.113636364,28,0.318181818,19.09090908,49.09090908,13.63636368,38.18181816
25,0.333333333,10,0.133333333,18,0.24,22,0.293333333,39.99999996,15.99999996,28.8,35.19999996
45,0.378151261,39,0.327731092,28,0.235294118,7,0.058823529,45.37815132,39.32773104,28.23529416,7.05882348
24,0.193548387,43,0.346774194,15,0.120967742,42,0.338709677,23.22580644,41.61290328,14.51612904,40.64516124
3,0.035294118,19,0.223529412,15,0.176470588,48,0.564705882,4.23529416,26.82352944,21.17647056,67.76470584
1,0.014285714,14,0.2,19,0.271428571,36,0.514285714,1.71428568,24,32.57142852,61.71428568
1,0.016949153,36,0.610169492,2,0.033898305,20,0.338983051,2.03389836,73.22033904,4.0677966,40.67796612
9,0.1,37,0.411111111,38,0.422222222,6,0.066666667,12,49.33333332,50.66666664,8.00000004
49,0.34751773,48,0.340425532,6,0.042553191,38,0.269503546,41.7021276,40.85106384,5.10638292,32.34042552
27,0.209302326,40,0.310077519,36,0.279069767,26,0.201550388,25.11627912,37.20930228,33.48837204,24.18604656
43,0.316176471,39,0.286764706,39,0.286764706,15,0.110294118,37.94117652,34.41176472,34.41176472,13.23529416
4,0.133333333,7,0.233333333,10,0.333333333,9,0.3,15.99999996,27.99999996,39.99999996,36
17,0.151785714,37,0.330357143,37,0.330357143,21,0.1875,18.21428568,39.64285716,39.64285716,22.5
37,0.31092437,26,0.218487395,30,0.25210084,26,0.218487395,37.3109244,26.2184874,30.2521008,26.2184874
33,0.264,37,0.296,9,0.072,46,0.368,31.68,35.52,8.64,44.16
19,0.2,3,0.031578947,33,0.347368421,40,0.421052632,24,3.78947364,41.68421052,50.52631584
33,0.388235294,25,0.294117647,20,0.235294118,7,0.082352941,46.58823528,35.29411764,28.23529416,9.88235292
41,0.394230769,37,0.355769231,25,0.240384615,1,0.009615385,47.30769228,42.69230772,28.8461538,1.1538462
44,0.303448276,28,0.193103448,47,0.324137931,26,0.179310345,36.41379312,23.17241376,38.89655172,21.5172414
8,0.068965517,24,0.206896552,45,0.387931034,39,0.336206897,8.27586204,24.82758624,46.55172408,40.34482764
13,0.160493827,16,0.197530864,45,0.555555556,7,0.086419753,19.25925924,23.70370368,66.66666672,10.37037036
33,0.458333333,4,0.055555556,16,0.222222222,19,0.263888889,54.99999996,6.66666672,26.66666664,31.66666668
47,0.419642857,9,0.080357143,50,0.446428571,6,0.053571429,50.35714284,9.64285716,53.57142852,6.42857148
3,0.09375,12,0.375,10,0.3125,7,0.21875,11.25,45,37.5,26.25
38,0.281481481,32,0.237037037,25,0.185185185,40,0.296296296,33.77777772,28.44444444,22.2222222,35.55555552
29,0.281553398,37,0.359223301,34,0.330097087,3,0.029126214,33.78640776,43.10679612,39.61165044,3.49514568
3,0.024590164,47,0.385245902,27,0.221311475,45,0.368852459,2.95081968,46.22950824,26.557377,44.26229508
41,0.401960784,21,0.205882353,30,0.294117647,10,0.098039216,48.23529408,24.70588236,35.29411764,11.76470592
30,0.384615385,44,0.564102564,4,0.051282051,0,0,46.1538462,67.69230768,6.15384612,0
2,0.017857143,48,0.428571429,46,0.410714286,16,0.142857143,2.14285716,51.42857148,49.28571432,17.14285716
14,0.25,13,0.232142857,24,0.428571429,5,0.089285714,30,27.85714284,51.42857148,10.71428568
23,0.383333333,20,0.333333333,13,0.216666667,4,0.066666667,45.99999996,39.99999996,26.00000004,8.00000004
48,0.727272727,5,0.075757576,4,0.060606061,9,0.136363636,87.27272724,9.09090912,7.27272732,16.36363632
20,0.14084507,30,0.211267606,48,0.338028169,44,0.309859155,16.9014084,25.35211272,40.56338028,37.1830986
9,0.070866142,45,0.354330709,39,0.307086614,34,0.267716535,8.50393704,42.51968508,36.85039368,32.1259842
3,0.028846154,42,0.403846154,35,0.336538462,24,0.230769231,3.46153848,48.46153848,40.38461544,27.69230772
19,0.220930233,49,0.569767442,16,0.186046512,2,0.023255814,26.51162796,68.37209304,22.32558144,2.79069768
32,0.304761905,9,0.085714286,32,0.304761905,32,0.304761905,36.5714286,10.28571432,36.5714286,36.5714286
42,0.35,4,0.033333333,32,0.266666667,42,0.35,42,3.99999996,32.00000004,42
14,0.113821138,39,0.317073171,32,0.260162602,38,0.308943089,13.65853656,38.04878052,31.21951224,37.07317068
3,0.103448276,5,0.172413793,8,0.275862069,13,0.448275862,12.41379312,20.68965516,33.10344828,53.79310344
3,0.036144578,42,0.506024096,16,0.192771084,22,0.265060241,4.33734936,60.72289152,23.13253008,31.80722892
39,0.268965517,42,0.289655172,24,0.165517241,40,0.275862069,32.27586204,34.75862064,19.86206892,33.10344828
6,0.060606061,32,0.323232323,27,0.272727273,34,0.343434343,7.27272732,38.78787876,32.72727276,41.21212116
29,0.432835821,17,0.253731343,13,0.194029851,8,0.119402985,51.94029852,30.44776116,23.28358212,14.3283582
43,0.262195122,36,0.219512195,35,0.213414634,50,0.304878049,31.46341464,26.3414634,25.60975608,36.58536588
47,0.382113821,36,0.292682927,38,0.308943089,2,0.016260163,45.85365852,35.12195124,37.07317068,1.95121956
40,0.37037037,11,0.101851852,17,0.157407407,40,0.37037037,44.4444444,12.22222224,18.88888884,44.4444444
29,0.475409836,16,0.262295082,4,0.06557377,12,0.196721311,57.04918032,31.47540984,7.8688524,23.60655732
40,0.307692308,46,0.353846154,34,0.261538462,10,0.076923077,36.92307696,42.46153848,31.38461544,9.23076924
42,0.274509804,27,0.176470588,43,0.281045752,41,0.267973856,32.94117648,21.17647056,33.72549024,32.15686272
3,0.023255814,34,0.263565891,45,0.348837209,47,0.364341085,2.79069768,31.62790692,41.86046508,43.7209302
1,0.013333333,47,0.626666667,17,0.226666667,10,0.133333333,1.59999996,75.20000004,27.20000004,15.99999996
7,0.076923077,46,0.505494505,33,0.362637363,5,0.054945055,9.23076924,60.6593406,43.51648356,6.5934066
39,0.375,8,0.076923077,21,0.201923077,36,0.346153846,45,9.23076924,24.23076924,41.53846152
10,0.126582278,43,0.544303797,9,0.113924051,17,0.215189873,15.18987336,65.31645564,13.67088612,25.82278476
32,0.344086022,41,0.440860215,13,0.139784946,7,0.075268817,41.29032264,52.9032258,16.77419352,9.03225804
5,0.049019608,20,0.196078431,36,0.352941176,41,0.401960784,5.88235296,23.52941172,42.35294112,48.23529408
2,0.042553191,13,0.276595745,12,0.255319149,20,0.425531915,5.10638292,33.1914894,30.63829788,51.0638298
44,0.6875,13,0.203125,3,0.046875,4,0.0625,82.5,24.375,5.625,7.5
29,0.266055046,25,0.229357798,41,0.376146789,14,0.128440367,31.92660552,27.52293576,45.13761468,15.41284404
7,0.152173913,9,0.195652174,15,0.326086957,15,0.326086957,18.26086956,23.47826088,39.13043484,39.13043484
36,0.315789474,9,0.078947368,46,0.403508772,23,0.201754386,37.89473688,9.47368416,48.42105264,24.21052632
19,0.169642857,34,0.303571429,44,0.392857143,15,0.133928571,20.35714284,36.42857148,47.14285716,16.07142852
29,0.194630872,39,0.261744966,39,0.261744966,42,0.281879195,23.35570464,31.40939592,31.40939592,33.8255034
36,0.321428571,24,0.214285714,21,0.1875,31,0.276785714,38.57142852,25.71428568,22.5,33.21428568
12,0.1875,40,0.625,1,0.015625,11,0.171875,22.5,75,1.875,20.625
1,0.015625,13,0.203125,46,0.71875,4,0.0625,1.875,24.375,86.25,7.5
42,0.4375,28,0.291666667,1,0.010416667,25,0.260416667,52.5,35.00000004,1.25000004,31.25000004
35,0.7,11,0.22,1,0.02,3,0.06,84,26.4,2.4,7.2
23,0.225490196,32,0.31372549,22,0.215686275,25,0.245098039,27.05882352,37.6470588,25.882353,29.41176468
31,0.553571429,4,0.071428571,15,0.267857143,6,0.107142857,66.42857148,8.57142852,32.14285716,12.85714284
33,0.217105263,43,0.282894737,39,0.256578947,37,0.243421053,26.05263156,33.94736844,30.78947364,29.21052636
23,0.5,10,0.217391304,1,0.02173913,12,0.260869565,60,26.08695648,2.6086956,31.3043478
14,0.157303371,20,0.224719101,42,0.471910112,13,0.146067416,18.87640452,26.96629212,56.62921344,17.52808992
12,0.129032258,44,0.47311828,17,0.182795699,20,0.215053763,15.48387096,56.7741936,21.93548388,25.80645156
8,0.077669903,11,0.106796117,46,0.446601942,38,0.368932039,9.32038836,12.81553404,53.59223304,44.27184468
2,0.021052632,6,0.063157895,44,0.463157895,43,0.452631579,2.52631584,7.5789474,55.5789474,54.31578948
28,0.294736842,42,0.442105263,23,0.242105263,2,0.021052632,35.36842104,53.05263156,29.05263156,2.52631584
36,0.321428571,25,0.223214286,30,0.267857143,21,0.1875,38.57142852,26.78571432,32.14285716,22.5
44,0.494382022,1,0.011235955,8,0.08988764,36,0.404494382,59.32584264,1.3483146,10.7865168,48.53932584
2,0.01980198,40,0.396039604,39,0.386138614,20,0.198019802,2.3762376,47.52475248,46.33663368,23.76237624
10,0.144927536,6,0.086956522,21,0.304347826,32,0.463768116,17.39130432,10.43478264,36.52173912,55.65217392
42,0.3,35,0.25,36,0.257142857,27,0.192857143,36,30,30.85714284,23.14285716
33,0.358695652,30,0.326086957,18,0.195652174,11,0.119565217,43.04347824,39.13043484,23.47826088,14.34782604
8,0.08988764,29,0.325842697,39,0.438202247,13,0.146067416,10.7865168,39.10112364,52.58426964,17.52808992
21,0.313432836,22,0.328358209,23,0.343283582,1,0.014925373,37.61194032,39.40298508,41.19402984,1.79104476
34,0.288135593,37,0.313559322,13,0.110169492,34,0.288135593,34.57627116,37.62711864,13.22033904,34.57627116
41,0.427083333,30,0.3125,16,0.166666667,9,0.09375,51.24999996,37.5,20.00000004,11.25
40,0.266666667,50,0.333333333,15,0.1,45,0.3,32.00000004,39.99999996,12,36
23,0.242105263,27,0.284210526,17,0.178947368,28,0.294736842,29.05263156,34.10526312,21.47368416,35.36842104
25,0.231481481,37,0.342592593,35,0.324074074,11,0.101851852,27.77777772,41.11111116,38.88888888,12.22222224
41,0.450549451,7,0.076923077,7,0.076923077,36,0.395604396,54.06593412,9.23076924,9.23076924,47.47252752
31,0.281818182,28,0.254545455,35,0.318181818,16,0.145454545,33.81818184,30.5454546,38.18181816,17.4545454
26,0.240740741,29,0.268518519,46,0.425925926,7,0.064814815,28.88888892,32.22222228,51.11111112,7.7777778
48,0.5,13,0.135416667,16,0.166666667,19,0.197916667,60,16.25000004,20.00000004,23.75000004
7,0.085365854,35,0.426829268,3,0.036585366,37,0.451219512,10.24390248,51.21951216,4.39024392,54.14634144
5,0.067567568,30,0.405405405,4,0.054054054,35,0.472972973,8.10810816,48.6486486,6.48648648,56.75675676
8,0.166666667,12,0.25,13,0.270833333,15,0.3125,20.00000004,30,32.49999996,37.5
49,0.337931034,33,0.227586207,17,0.117241379,46,0.317241379,40.55172408,27.31034484,14.06896548,38.06896548
22,0.198198198,28,0.252252252,39,0.351351351,22,0.198198198,23.78378376,30.27027024,42.16216212,23.78378376
13,0.097014925,45,0.335820896,29,0.21641791,47,0.350746269,11.641791,40.29850752,25.9701492,42.08955228
40,0.506329114,13,0.164556962,24,0.303797468,2,0.025316456,60.75949368,19.74683544,36.45569616,3.03797472
23,0.201754386,10,0.087719298,31,0.271929825,50,0.438596491,24.21052632,10.52631576,32.631579,52.63157892
15,0.112781955,43,0.323308271,44,0.330827068,31,0.233082707,13.5338346,38.79699252,39.69924816,27.96992484
11,0.157142857,43,0.614285714,1,0.014285714,15,0.214285714,18.85714284,73.71428568,1.71428568,25.71428568
17,0.2125,34,0.425,20,0.25,9,0.1125,25.5,51,30,13.5
7,0.08974359,2,0.025641026,49,0.628205128,20,0.256410256,10.7692308,3.07692312,75.38461536,30.76923072
18,0.148760331,40,0.330578512,27,0.223140496,36,0.297520661,17.85123972,39.66942144,26.77685952,35.70247932
40,0.37037037,21,0.194444444,29,0.268518519,18,0.166666667,44.4444444,23.33333328,32.22222228,20.00000004
48,0.380952381,11,0.087301587,48,0.380952381,19,0.150793651,45.71428572,10.47619044,45.71428572,18.09523812
7,0.212121212,7,0.212121212,19,0.575757576,0,0,25.45454544,25.45454544,69.09090912,0
50,0.581395349,11,0.127906977,8,0.093023256,17,0.197674419,69.76744188,15.34883724,11.16279072,23.72093028
36,0.260869565,34,0.246376812,31,0.224637681,37,0.268115942,31.3043478,29.56521744,26.95652172,32.17391304
42,0.40776699,9,0.087378641,19,0.184466019,33,0.32038835,48.9320388,10.48543692,22.13592228,38.446602
44,0.369747899,35,0.294117647,6,0.050420168,34,0.285714286,44.36974788,35.29411764,6.05042016,34.28571432
25,0.255102041,29,0.295918367,15,0.153061224,29,0.295918367,30.61224492,35.51020404,18.36734688,35.51020404
42,0.285714286,39,0.265306122,28,0.19047619,38,0.258503401,34.28571432,31.83673464,22.8571428,31.02040812
10,0.131578947,18,0.236842105,13,0.171052632,35,0.460526316,15.78947364,28.4210526,20.52631584,55.26315792
14,0.388888889,4,0.111111111,16,0.444444444,2,0.055555556,46.66666668,13.33333332,53.33333328,6.66666672
14,0.120689655,45,0.387931034,20,0.172413793,37,0.318965517,14.4827586,46.55172408,20.68965516,38.27586204
19,0.188118812,9,0.089108911,28,0.277227723,45,0.445544554,22.57425744,10.69306932,33.26732676,53.46534648
1,0.010309278,39,0.402061856,47,0.484536082,10,0.103092784,1.23711336,48.24742272,58.14432984,12.37113408
39,0.590909091,5,0.075757576,14,0.212121212,8,0.121212121,70.90909092,9.09090912,25.45454544,14.54545452
27,0.278350515,40,0.412371134,24,0.24742268,6,0.06185567,33.4020618,49.48453608,29.6907216,7.4226804
26,0.329113924,15,0.189873418,28,0.35443038,10,0.126582278,39.49367088,22.78481016,42.5316456,15.18987336
47,0.382113821,32,0.260162602,40,0.325203252,4,0.032520325,45.85365852,31.21951224,39.02439024,3.902439
8,0.137931034,22,0.379310345,22,0.379310345,6,0.103448276,16.55172408,45.5172414,45.5172414,12.41379312
29,0.281553398,25,0.242718447,37,0.359223301,12,0.116504854,33.78640776,29.12621364,43.10679612,13.98058248
40,0.303030303,39,0.295454545,4,0.03030303,49,0.371212121,36.36363636,35.4545454,3.6363636,44.54545452
17,0.195402299,14,0.16091954,20,0.229885057,36,0.413793103,23.44827588,19.3103448,27.58620684,49.65517236
22,0.231578947,23,0.242105263,46,0.484210526,4,0.042105263,27.78947364,29.05263156,58.10526312,5.05263156
35,0.321100917,35,0.321100917,6,0.055045872,33,0.302752294,38.53211004,38.53211004,6.60550464,36.33027528
34,0.300884956,16,0.14159292,43,0.380530973,20,0.17699115,36.10619472,16.9911504,45.66371676,21.238938
34,0.311926606,37,0.339449541,30,0.275229358,8,0.073394495,37.43119272,40.73394492,33.02752296,8.8073394
15,0.306122449,20,0.408163265,2,0.040816327,12,0.244897959,36.73469388,48.9795918,4.89795924,29.38775508
14,0.164705882,9,0.105882353,21,0.247058824,41,0.482352941,19.76470584,12.70588236,29.64705888,57.88235292
48,0.64,2,0.026666667,1,0.013333333,24,0.32,76.8,3.20000004,1.59999996,38.4
40,0.287769784,15,0.107913669,41,0.294964029,43,0.309352518,34.53237408,12.94964028,35.39568348,37.12230216
34,0.435897436,12,0.153846154,7,0.08974359,25,0.320512821,52.30769232,18.46153848,10.7692308,38.46153852
41,0.312977099,46,0.351145038,9,0.06870229,35,0.267175573,37.55725188,42.13740456,8.2442748,32.06106876
44,0.453608247,17,0.175257732,7,0.072164948,29,0.298969072,54.43298964,21.03092784,8.65979376,35.87628864
37,0.253424658,27,0.184931507,35,0.239726027,47,0.321917808,30.41095896,22.19178084,28.76712324,38.63013696
27,0.290322581,14,0.150537634,38,0.408602151,14,0.150537634,34.83870972,18.06451608,49.03225812,18.06451608
6,0.055555556,36,0.333333333,23,0.212962963,43,0.398148148,6.66666672,39.99999996,25.55555556,47.77777776
26,0.351351351,22,0.297297297,13,0.175675676,13,0.175675676,42.16216212,35.67567564,21.08108112,21.08108112
13,0.203125,31,0.484375,10,0.15625,10,0.15625,24.375,58.125,18.75,18.75
30,0.241935484,29,0.233870968,18,0.14516129,47,0.379032258,29.03225808,28.06451616,17.4193548,45.48387096
27,0.278350515,38,0.391752577,31,0.319587629,1,0.010309278,33.4020618,47.01030924,38.35051548,1.23711336
17,0.173469388,29,0.295918367,36,0.367346939,16,0.163265306,20.81632656,35.51020404,44.08163268,19.59183672
19,0.263888889,15,0.208333333,1,0.013888889,37,0.513888889,31.66666668,24.99999996,1.66666668,61.66666668
16,0.326530612,11,0.224489796,4,0.081632653,18,0.367346939,39.18367344,26.93877552,9.79591836,44.08163268
0,0,42,0.320610687,41,0.312977099,48,0.366412214,0,38.47328244,37.55725188,43.96946568
32,0.299065421,36,0.336448598,4,0.037383178,35,0.327102804,35.88785052,40.37383176,4.48598136,39.25233648
31,0.262711864,19,0.161016949,30,0.254237288,38,0.322033898,31.52542368,19.32203388,30.50847456,38.64406776
16,0.32,7,0.14,3,0.06,24,0.48,38.4,16.8,7.2,57.6
25,0.204918033,19,0.155737705,30,0.245901639,48,0.393442623,24.59016396,18.6885246,29.50819668,47.21311476
22,0.181818182,31,0.256198347,26,0.214876033,42,0.347107438,21.81818184,30.74380164,25.78512396,41.65289256
27,0.241071429,38,0.339285714,0,0,47,0.419642857,28.92857148,40.71428568,0,50.35714284
22,0.170542636,23,0.178294574,45,0.348837209,39,0.302325581,20.46511632,21.39534888,41.86046508,36.27906972
1,0.013333333,46,0.613333333,15,0.2,13,0.173333333,1.59999996,73.59999996,24,20.79999996
5,0.089285714,16,0.285714286,34,0.607142857,1,0.017857143,10.71428568,34.28571432,72.85714284,2.14285716
29,0.261261261,38,0.342342342,14,0.126126126,30,0.27027027,31.35135132,41.08108104,15.13513512,32.4324324
23,0.315068493,12,0.164383562,14,0.191780822,24,0.328767123,37.80821916,19.72602744,23.01369864,39.45205476
1,0.022222222,0,0,4,0.088888889,40,0.888888889,2.66666664,0,10.66666668,106.6666667
6,0.055555556,21,0.194444444,37,0.342592593,44,0.407407407,6.66666672,23.33333328,41.11111116,48.88888884
3,0.025423729,45,0.381355932,44,0.372881356,26,0.220338983,3.05084748,45.76271184,44.74576272,26.44067796
24,0.333333333,35,0.486111111,6,0.083333333,7,0.097222222,39.99999996,58.33333332,9.99999996,11.66666664
26,0.232142857,27,0.241071429,22,0.196428571,37,0.330357143,27.85714284,28.92857148,23.57142852,39.64285716
22,0.278481013,2,0.025316456,21,0.265822785,34,0.430379747,33.41772156,3.03797472,31.8987342,51.64556964
6,0.089552239,48,0.71641791,10,0.149253731,3,0.044776119,10.74626868,85.9701492,17.91044772,5.37313428
45,0.405405405,21,0.189189189,42,0.378378378,3,0.027027027,48.6486486,22.70270268,45.40540536,3.24324324
24,0.338028169,7,0.098591549,7,0.098591549,33,0.464788732,40.56338028,11.83098588,11.83098588,55.77464784
7,0.14893617,5,0.106382979,29,0.617021277,6,0.127659574,17.8723404,12.76595748,74.04255324,15.31914888
40,0.36036036,3,0.027027027,35,0.315315315,33,0.297297297,43.2432432,3.24324324,37.8378378,35.67567564
10,0.15625,35,0.546875,17,0.265625,2,0.03125,18.75,65.625,31.875,3.75
31,0.224637681,25,0.18115942,40,0.289855072,42,0.304347826,26.95652172,21.7391304,34.78260864,36.52173912
22,0.328358209,1,0.014925373,14,0.208955224,30,0.447761194,39.40298508,1.79104476,25.07462688,53.73134328
27,0.509433962,21,0.396226415,3,0.056603774,2,0.037735849,61.13207544,47.5471698,6.79245288,4.52830188
40,0.666666667,3,0.05,12,0.2,5,0.083333333,80.00000004,6,24,9.99999996
49,0.583333333,5,0.05952381,2,0.023809524,28,0.333333333,69.99999996,7.1428572,2.85714288,39.99999996
19,0.2,32,0.336842105,5,0.052631579,39,0.410526316,24,40.4210526,6.31578948,49.26315792
29,0.213235294,37,0.272058824,29,0.213235294,41,0.301470588,25.58823528,32.64705888,25.58823528,36.17647056
38,0.395833333,11,0.114583333,27,0.28125,20,0.208333333,47.49999996,13.74999996,33.75,24.99999996
33,0.336734694,21,0.214285714,42,0.428571429,2,0.020408163,40.40816328,25.71428568,51.42857148,2.44897956
45,0.436893204,38,0.368932039,20,0.194174757,0,0,52.42718448,44.27184468,23.30097084,0
29,0.292929293,6,0.060606061,39,0.393939394,25,0.252525253,35.15151516,7.27272732,47.27272728,30.30303036
36,0.307692308,31,0.264957265,4,0.034188034,46,0.393162393,36.92307696,31.7948718,4.10256408,47.17948716
40,0.597014925,11,0.164179104,7,0.104477612,9,0.134328358,71.641791,19.70149248,12.53731344,16.11940296
23,0.425925926,15,0.277777778,11,0.203703704,5,0.092592593,51.11111112,33.33333336,24.44444448,11.11111116
26,0.4,18,0.276923077,3,0.046153846,18,0.276923077,48,33.23076924,5.53846152,33.23076924
18,0.243243243,14,0.189189189,41,0.554054054,1,0.013513514,29.18918916,22.70270268,66.48648648,1.62162168
38,0.243589744,47,0.301282051,29,0.185897436,42,0.269230769,29.23076928,36.15384612,22.30769232,32.30769228
2,0.035714286,1,0.017857143,16,0.285714286,37,0.660714286,4.28571432,2.14285716,34.28571432,79.28571432
0,0,16,0.202531646,39,0.493670886,24,0.303797468,0,24.30379752,59.24050632,36.45569616
38,0.436781609,26,0.298850575,16,0.183908046,7,0.08045977,52.41379308,35.862069,22.06896552,9.6551724
40,0.404040404,24,0.242424242,14,0.141414141,21,0.212121212,48.48484848,29.09090904,16.96969692,25.45454544
40,0.449438202,13,0.146067416,18,0.202247191,18,0.202247191,53.93258424,17.52808992,24.26966292,24.26966292
29,0.341176471,24,0.282352941,13,0.152941176,19,0.223529412,40.94117652,33.88235292,18.35294112,26.82352944
7,0.05982906,30,0.256410256,39,0.333333333,41,0.35042735,7.1794872,30.76923072,39.99999996,42.051282
6,0.069767442,20,0.23255814,28,0.325581395,32,0.372093023,8.37209304,27.9069768,39.0697674,44.65116276
6,0.065934066,40,0.43956044,18,0.197802198,27,0.296703297,7.91208792,52.7472528,23.73626376,35.60439564
5,0.052083333,22,0.229166667,21,0.21875,48,0.5,6.24999996,27.50000004,26.25,60
16,0.133333333,28,0.233333333,34,0.283333333,42,0.35,15.99999996,27.99999996,33.99999996,42
12,0.131868132,16,0.175824176,19,0.208791209,44,0.483516484,15.82417584,21.09890112,25.05494508,58.02197808
2,0.055555556,10,0.277777778,12,0.333333333,12,0.333333333,6.66666672,33.33333336,39.99999996,39.99999996
3,0.021428571,50,0.357142857,39,0.278571429,48,0.342857143,2.57142852,42.85714284,33.42857148,41.14285716
15,0.161290323,20,0.215053763,36,0.387096774,22,0.23655914,19.35483876,25.80645156,46.45161288,28.3870968
29,0.420289855,7,0.101449275,5,0.072463768,28,0.405797101,50.4347826,12.173913,8.69565216,48.69565212
22,0.244444444,24,0.266666667,32,0.355555556,12,0.133333333,29.33333328,32.00000004,42.66666672,15.99999996
3,0.056603774,20,0.377358491,19,0.358490566,11,0.20754717,6.79245288,45.28301892,43.01886792,24.9056604
37,0.445783133,34,0.409638554,8,0.096385542,4,0.048192771,53.49397596,49.15662648,11.56626504,5.78313252
23,0.191666667,38,0.316666667,40,0.333333333,19,0.158333333,23.00000004,38.00000004,39.99999996,18.99999996
30,0.4,23,0.306666667,10,0.133333333,12,0.16,48,36.80000004,15.99999996,19.2
12,0.121212121,11,0.111111111,27,0.272727273,49,0.494949495,14.54545452,13.33333332,32.72727276,59.3939394
12,0.15,32,0.4,12,0.15,24,0.3,18,48,18,36
29,0.261261261,7,0.063063063,25,0.225225225,50,0.45045045,31.35135132,7.56756756,27.027027,54.054054
45,0.517241379,15,0.172413793,25,0.287356322,2,0.022988506,62.06896548,20.68965516,34.48275864,2.75862072
44,0.676923077,6,0.092307692,7,0.107692308,8,0.123076923,81.23076924,11.07692304,12.92307696,14.76923076
27,0.397058824,11,0.161764706,23,0.338235294,7,0.102941176,47.64705888,19.41176472,40.58823528,12.35294112
44,0.285714286,40,0.25974026,46,0.298701299,24,0.155844156,34.28571432,31.1688312,35.84415588,18.70129872
20,0.15037594,41,0.308270677,43,0.323308271,29,0.218045113,18.0451128,36.99248124,38.79699252,26.16541356
47,0.328671329,43,0.300699301,23,0.160839161,30,0.20979021,39.44055948,36.08391612,19.30069932,25.1748252
35,0.299145299,18,0.153846154,27,0.230769231,37,0.316239316,35.89743588,18.46153848,27.69230772,37.94871792
22,0.268292683,31,0.37804878,6,0.073170732,23,0.280487805,32.19512196,45.3658536,8.78048784,33.6585366
4,0.057142857,15,0.214285714,20,0.285714286,31,0.442857143,6.85714284,25.71428568,34.28571432,53.14285716
6,0.076923077,11,0.141025641,35,0.448717949,26,0.333333333,9.23076924,16.92307692,53.84615388,39.99999996
22,0.231578947,21,0.221052632,36,0.378947368,16,0.168421053,27.78947364,26.52631584,45.47368416,20.21052636
17,0.130769231,48,0.369230769,44,0.338461538,21,0.161538462,15.69230772,44.30769228,40.61538456,19.38461544
44,0.341085271,33,0.255813953,45,0.348837209,7,0.054263566,40.93023252,30.69767436,41.86046508,6.51162792
36,0.654545455,8,0.145454545,5,0.090909091,6,0.109090909,78.5454546,17.4545454,10.90909092,13.09090908
23,0.175572519,21,0.160305344,37,0.282442748,50,0.381679389,21.06870228,19.23664128,33.89312976,45.80152668
18,0.146341463,40,0.325203252,38,0.308943089,27,0.219512195,17.56097556,39.02439024,37.07317068,26.3414634
18,0.197802198,5,0.054945055,31,0.340659341,37,0.406593407,23.73626376,6.5934066,40.87912092,48.79120884
25,0.304878049,16,0.195121951,17,0.207317073,24,0.292682927,36.58536588,23.41463412,24.87804876,35.12195124
48,0.355555556,21,0.155555556,44,0.325925926,22,0.162962963,42.66666672,18.66666672,39.11111112,19.55555556
39,0.40625,25,0.260416667,6,0.0625,26,0.270833333,48.75,31.25000004,7.5,32.49999996
47,0.358778626,4,0.030534351,31,0.236641221,49,0.374045802,43.05343512,3.66412212,28.39694652,44.88549624
24,0.226415094,15,0.141509434,40,0.377358491,27,0.254716981,27.16981128,16.98113208,45.28301892,30.56603772
17,0.193181818,9,0.102272727,35,0.397727273,27,0.306818182,23.18181816,12.27272724,47.72727276,36.81818184
33,0.286956522,13,0.113043478,47,0.408695652,22,0.191304348,34.43478264,13.56521736,49.04347824,22.95652176
9,0.092783505,13,0.134020619,25,0.257731959,50,0.515463918,11.1340206,16.08247428,30.92783508,61.85567016
32,0.47761194,11,0.164179104,10,0.149253731,14,0.208955224,57.3134328,19.70149248,17.91044772,25.07462688
21,0.24137931,32,0.367816092,19,0.218390805,15,0.172413793,28.9655172,44.13793104,26.2068966,20.68965516
18,0.181818182,9,0.090909091,48,0.484848485,24,0.242424242,21.81818184,10.90909092,58.1818182,29.09090904
6,0.070588235,39,0.458823529,16,0.188235294,24,0.282352941,8.4705882,55.05882348,22.58823528,33.88235292
8,0.131147541,20,0.327868852,5,0.081967213,28,0.459016393,15.73770492,39.34426224,9.83606556,55.08196716
4,0.03960396,12,0.118811881,37,0.366336634,48,0.475247525,4.7524752,14.25742572,43.96039608,57.029703
6,0.065217391,48,0.52173913,30,0.326086957,8,0.086956522,7.82608692,62.6086956,39.13043484,10.43478264
4,0.095238095,22,0.523809524,5,0.119047619,11,0.261904762,11.4285714,62.85714288,14.28571428,31.42857144
18,0.148760331,5,0.041322314,50,0.41322314,48,0.396694215,17.85123972,4.95867768,49.5867768,47.6033058
23,0.175572519,48,0.366412214,14,0.106870229,46,0.351145038,21.06870228,43.96946568,12.82442748,42.13740456
14,0.333333333,11,0.261904762,3,0.071428571,14,0.333333333,39.99999996,31.42857144,8.57142852,39.99999996
48,0.551724138,2,0.022988506,15,0.172413793,22,0.252873563,66.20689656,2.75862072,20.68965516,30.34482756
49,0.360294118,18,0.132352941,24,0.176470588,45,0.330882353,43.23529416,15.88235292,21.17647056,39.70588236
19,0.213483146,0,0,36,0.404494382,34,0.382022472,25.61797752,0,48.53932584,45.84269664
33,0.347368421,7,0.073684211,19,0.2,36,0.378947368,41.68421052,8.84210532,24,45.47368416
47,0.328671329,34,0.237762238,34,0.237762238,28,0.195804196,39.44055948,28.53146856,28.53146856,23.49650352
29,0.263636364,28,0.254545455,35,0.318181818,18,0.163636364,31.63636368,30.5454546,38.18181816,19.63636368
15,0.3125,5,0.104166667,13,0.270833333,15,0.3125,37.5,12.50000004,32.49999996,37.5
26,0.25,46,0.442307692,1,0.009615385,31,0.298076923,30,53.07692304,1.1538462,35.76923076
7,0.081395349,35,0.406976744,12,0.139534884,32,0.372093023,9.76744188,48.83720928,16.74418608,44.65116276
14,0.264150943,7,0.132075472,31,0.58490566,1,0.018867925,31.69811316,15.84905664,70.1886792,2.264151
29,0.245762712,33,0.279661017,16,0.13559322,40,0.338983051,29.49152544,33.55932204,16.2711864,40.67796612
37,0.362745098,29,0.284313725,8,0.078431373,28,0.274509804,43.52941176,34.117647,9.41176476,32.94117648
31,0.397435897,13,0.166666667,32,0.41025641,2,0.025641026,47.69230764,20.00000004,49.2307692,3.07692312
47,0.439252336,18,0.168224299,3,0.028037383,39,0.364485981,52.71028032,20.18691588,3.36448596,43.73831772
28,0.237288136,32,0.271186441,37,0.313559322,21,0.177966102,28.47457632,32.54237292,37.62711864,21.35593224
19,0.37254902,1,0.019607843,6,0.117647059,25,0.490196078,44.7058824,2.35294116,14.11764708,58.82352936
17,0.145299145,11,0.094017094,46,0.393162393,43,0.367521368,17.4358974,11.28205128,47.17948716,44.10256416
14,0.16091954,13,0.149425287,27,0.310344828,33,0.379310345,19.3103448,17.93103444,37.24137936,45.5172414
30,0.254237288,5,0.042372881,48,0.406779661,35,0.296610169,30.50847456,5.08474572,48.81355932,35.59322028
32,0.372093023,14,0.162790698,38,0.441860465,2,0.023255814,44.65116276,19.53488376,53.0232558,2.79069768
12,0.153846154,33,0.423076923,18,0.230769231,15,0.192307692,18.46153848,50.76923076,27.69230772,23.07692304
8,0.163265306,8,0.163265306,5,0.102040816,28,0.571428571,19.59183672,19.59183672,12.24489792,68.57142852
45,0.304054054,28,0.189189189,26,0.175675676,49,0.331081081,36.48648648,22.70270268,21.08108112,39.72972972
43,0.349593496,34,0.276422764,18,0.146341463,28,0.227642276,41.95121952,33.17073168,17.56097556,27.31707312
36,0.310344828,44,0.379310345,31,0.267241379,5,0.043103448,37.24137936,45.5172414,32.06896548,5.17241376
25,0.204918033,41,0.336065574,25,0.204918033,31,0.254098361,24.59016396,40.32786888,24.59016396,30.49180332
42,0.461538462,31,0.340659341,6,0.065934066,12,0.131868132,55.38461544,40.87912092,7.91208792,15.82417584
48,0.28742515,42,0.251497006,40,0.239520958,37,0.221556886,34.491018,30.17964072,28.74251496,26.58682632
33,0.244444444,48,0.355555556,35,0.259259259,19,0.140740741,29.33333328,42.66666672,31.11111108,16.88888892
33,0.323529412,25,0.245098039,10,0.098039216,34,0.333333333,38.82352944,29.41176468,11.76470592,39.99999996
26,0.25,42,0.403846154,4,0.038461538,32,0.307692308,30,48.46153848,4.61538456,36.92307696
27,0.234782609,11,0.095652174,46,0.4,31,0.269565217,28.17391308,11.47826088,48,32.34782604
23,0.242105263,8,0.084210526,43,0.452631579,21,0.221052632,29.05263156,10.10526312,54.31578948,26.52631584
4,0.048192771,21,0.253012048,24,0.289156627,34,0.409638554,5.78313252,30.36144576,34.69879524,49.15662648
12,0.16,3,0.04,49,0.653333333,11,0.146666667,19.2,4.8,78.39999996,17.60000004
45,0.391304348,30,0.260869565,9,0.07826087,31,0.269565217,46.95652176,31.3043478,9.3913044,32.34782604
50,0.505050505,2,0.02020202,13,0.131313131,34,0.343434343,60.6060606,2.4242424,15.75757572,41.21212116
30,0.25,42,0.35,33,0.275,15,0.125,30,42,33,15
4,0.071428571,19,0.339285714,19,0.339285714,14,0.25,8.57142852,40.71428568,40.71428568,30
28,0.294736842,36,0.378947368,4,0.042105263,27,0.284210526,35.36842104,45.47368416,5.05263156,34.10526312
38,0.339285714,6,0.053571429,35,0.3125,33,0.294642857,40.71428568,6.42857148,37.5,35.35714284
16,0.152380952,41,0.39047619,14,0.133333333,34,0.323809524,18.28571424,46.8571428,15.99999996,38.85714288
4,0.04,47,0.47,29,0.29,20,0.2,4.8,56.4,34.8,24
44,0.303448276,36,0.248275862,38,0.262068966,27,0.186206897,36.41379312,29.79310344,31.44827592,22.34482764
12,0.12244898,32,0.326530612,15,0.153061224,39,0.397959184,14.6938776,39.18367344,18.36734688,47.75510208
28,0.239316239,50,0.427350427,5,0.042735043,34,0.290598291,28.71794868,51.28205124,5.12820516,34.87179492
16,0.163265306,18,0.183673469,28,0.285714286,36,0.367346939,19.59183672,22.04081628,34.28571432,44.08163268
25,0.219298246,38,0.333333333,20,0.175438596,31,0.271929825,26.31578952,39.99999996,21.05263152,32.631579
24,0.303797468,13,0.164556962,37,0.46835443,5,0.063291139,36.45569616,19.74683544,56.2025316,7.59493668
44,0.325925926,30,0.222222222,38,0.281481481,23,0.17037037,39.11111112,26.66666664,33.77777772,20.4444444
44,0.44,15,0.15,37,0.37,4,0.04,52.8,18,44.4,4.8
20,0.202020202,20,0.202020202,34,0.343434343,25,0.252525253,24.24242424,24.24242424,41.21212116,30.30303036
47,0.358778626,40,0.305343511,1,0.007633588,43,0.328244275,43.05343512,36.64122132,0.91603056,39.389313
13,0.139784946,21,0.225806452,31,0.333333333,28,0.301075269,16.77419352,27.09677424,39.99999996,36.12903228
23,0.209090909,26,0.236363636,17,0.154545455,44,0.4,25.09090908,28.36363632,18.5454546,48
2,0.019417476,32,0.310679612,34,0.330097087,35,0.339805825,2.33009712,37.28155344,39.61165044,40.776699
47,0.335714286,22,0.157142857,25,0.178571429,46,0.328571429,40.28571432,18.85714284,21.42857148,39.42857148
13,0.139784946,5,0.053763441,26,0.279569892,49,0.52688172,16.77419352,6.45161292,33.54838704,63.2258064
35,0.380434783,8,0.086956522,40,0.434782609,9,0.097826087,45.65217396,10.43478264,52.17391308,11.73913044
27,0.230769231,24,0.205128205,47,0.401709402,19,0.162393162,27.69230772,24.6153846,48.20512824,19.48717944
22,0.147651007,50,0.33557047,44,0.295302013,33,0.22147651,17.71812084,40.2684564,35.43624156,26.5771812
11,0.11,19,0.19,35,0.35,35,0.35,13.2,22.8,42,42
18,0.148760331,48,0.396694215,17,0.140495868,38,0.314049587,17.85123972,47.6033058,16.85950416,37.68595044
9,0.096774194,35,0.376344086,37,0.397849462,12,0.129032258,11.61290328,45.16129032,47.74193544,15.48387096
39,0.268965517,32,0.220689655,45,0.310344828,29,0.2,32.27586204,26.4827586,37.24137936,24
34,0.386363636,25,0.284090909,13,0.147727273,16,0.181818182,46.36363632,34.09090908,17.72727276,21.81818184
16,0.145454545,27,0.245454545,19,0.172727273,48,0.436363636,17.4545454,29.4545454,20.72727276,52.36363632
7,0.106060606,10,0.151515152,8,0.121212121,41,0.621212121,12.72727272,18.18181824,14.54545452,74.54545452
50,0.331125828,29,0.19205298,30,0.198675497,42,0.278145695,39.73509936,23.0463576,23.84105964,33.3774834
34,0.22972973,48,0.324324324,45,0.304054054,21,0.141891892,27.5675676,38.91891888,36.48648648,17.02702704
32,0.285714286,2,0.017857143,43,0.383928571,35,0.3125,34.28571432,2.14285716,46.07142852,37.5
15,0.384615385,5,0.128205128,6,0.153846154,13,0.333333333,46.1538462,15.38461536,18.46153848,39.99999996
29,0.247863248,27,0.230769231,16,0.136752137,45,0.384615385,29.74358976,27.69230772,16.41025644,46.1538462
14,0.2,28,0.4,14,0.2,14,0.2,24,48,24,24
3,0.042253521,28,0.394366197,30,0.422535211,10,0.14084507,5.07042252,47.32394364,50.70422532,16.9014084
25,0.198412698,44,0.349206349,28,0.222222222,29,0.23015873,23.80952376,41.90476188,26.66666664,27.6190476
26,0.419354839,1,0.016129032,32,0.516129032,3,0.048387097,50.32258068,1.93548384,61.93548384,5.80645164
36,0.283464567,26,0.204724409,45,0.354330709,20,0.157480315,34.01574804,24.56692908,42.51968508,18.8976378
38,0.275362319,22,0.15942029,42,0.304347826,36,0.260869565,33.04347828,19.1304348,36.52173912,31.3043478
43,0.355371901,24,0.198347107,35,0.289256198,19,0.157024793,42.64462812,23.80165284,34.71074376,18.84297516
26,0.325,14,0.175,18,0.225,22,0.275,39,21,27,33
41,0.706896552,1,0.017241379,4,0.068965517,12,0.206896552,84.82758624,2.06896548,8.27586204,24.82758624
36,0.236842105,34,0.223684211,45,0.296052632,37,0.243421053,28.4210526,26.84210532,35.52631584,29.21052636
46,0.657142857,5,0.071428571,1,0.014285714,18,0.257142857,78.85714284,8.57142852,1.71428568,30.85714284
35,0.275590551,47,0.37007874,29,0.228346457,16,0.125984252,33.07086612,44.4094488,27.40157484,15.11811024
39,0.276595745,32,0.226950355,36,0.255319149,34,0.241134752,33.1914894,27.2340426,30.63829788,28.93617024
7,0.059322034,28,0.237288136,45,0.381355932,38,0.322033898,7.11864408,28.47457632,45.76271184,38.64406776
17,0.274193548,21,0.338709677,15,0.241935484,9,0.14516129,32.90322576,40.64516124,29.03225808,17.4193548
35,0.402298851,5,0.057471264,7,0.08045977,40,0.459770115,48.27586212,6.89655168,9.6551724,55.1724138
2,0.022222222,6,0.066666667,49,0.544444444,33,0.366666667,2.66666664,8.00000004,65.33333328,44.00000004
41,0.322834646,26,0.204724409,47,0.37007874,13,0.102362205,38.74015752,24.56692908,44.4094488,12.2834646
4,0.076923077,28,0.538461538,19,0.365384615,1,0.019230769,9.23076924,64.61538456,43.8461538,2.30769228
12,0.19047619,41,0.650793651,2,0.031746032,8,0.126984127,22.8571428,78.09523812,3.80952384,15.23809524
16,0.192771084,37,0.445783133,12,0.144578313,18,0.21686747,23.13253008,53.49397596,17.34939756,26.0240964
14,0.17721519,18,0.227848101,24,0.303797468,23,0.291139241,21.2658228,27.34177212,36.45569616,34.93670892
26,0.185714286,28,0.2,45,0.321428571,41,0.292857143,22.28571432,24,38.57142852,35.14285716
28,0.583333333,14,0.291666667,1,0.020833333,5,0.104166667,69.99999996,35.00000004,2.49999996,12.50000004
30,0.2,50,0.333333333,22,0.146666667,48,0.32,24,39.99999996,17.60000004,38.4
32,0.25,22,0.171875,28,0.21875,46,0.359375,30,20.625,26.25,43.125
32,0.385542169,9,0.108433735,6,0.072289157,36,0.43373494,46.26506028,13.0120482,8.67469884,52.0481928
20,0.285714286,16,0.228571429,6,0.085714286,28,0.4,34.28571432,27.42857148,10.28571432,48
41,0.294964029,50,0.35971223,5,0.035971223,43,0.309352518,35.39568348,43.1654676,4.31654676,37.12230216
7,0.076923077,45,0.494505495,35,0.384615385,4,0.043956044,9.23076924,59.3406594,46.1538462,5.27472528
1,0.01,46,0.46,43,0.43,10,0.1,1.2,55.2,51.6,12
6,0.075949367,30,0.379746835,7,0.088607595,36,0.455696203,9.11392404,45.5696202,10.6329114,54.68354436
28,0.227642276,44,0.357723577,35,0.284552846,16,0.130081301,27.31707312,42.92682924,34.14634152,15.60975612
12,0.230769231,8,0.153846154,15,0.288461538,17,0.326923077,27.69230772,18.46153848,34.61538456,39.23076924
38,0.38,17,0.17,15,0.15,30,0.3,45.6,20.4,18,36
23,0.370967742,6,0.096774194,1,0.016129032,32,0.516129032,44.51612904,11.61290328,1.93548384,61.93548384
16,0.168421053,17,0.178947368,27,0.284210526,35,0.368421053,20.21052636,21.47368416,34.10526312,44.21052636
40,0.373831776,37,0.345794393,7,0.065420561,23,0.214953271,44.85981312,41.49532716,7.85046732,25.79439252
9,0.15,27,0.45,6,0.1,18,0.3,18,54,12,36
50,0.41322314,22,0.181818182,42,0.347107438,7,0.05785124,49.5867768,21.81818184,41.65289256,6.9421488
10,0.103092784,24,0.24742268,34,0.350515464,29,0.298969072,12.37113408,29.6907216,42.06185568,35.87628864
33,0.458333333,19,0.263888889,12,0.166666667,8,0.111111111,54.99999996,31.66666668,20.00000004,13.33333332
4,0.090909091,5,0.113636364,8,0.181818182,27,0.613636364,10.90909092,13.63636368,21.81818184,73.63636368
4,0.08,10,0.2,19,0.38,17,0.34,9.6,24,45.6,40.8
2,0.018181818,47,0.427272727,32,0.290909091,29,0.263636364,2.18181816,51.27272724,34.90909092,31.63636368
10,0.084745763,34,0.288135593,47,0.398305085,27,0.228813559,10.16949156,34.57627116,47.7966102,27.45762708
3,0.031578947,19,0.2,42,0.442105263,31,0.326315789,3.78947364,24,53.05263156,39.15789468
1,0.009090909,33,0.3,40,0.363636364,36,0.327272727,1.09090908,36,43.63636368,39.27272724
21,0.2,30,0.285714286,25,0.238095238,29,0.276190476,24,34.28571432,28.57142856,33.14285712
20,0.222222222,5,0.055555556,33,0.366666667,32,0.355555556,26.66666664,6.66666672,44.00000004,42.66666672
19,0.152,46,0.368,11,0.088,49,0.392,18.24,44.16,10.56,47.04
15,0.109489051,36,0.262773723,38,0.277372263,48,0.350364964,13.13868612,31.53284676,33.28467156,42.04379568
21,0.238636364,15,0.170454545,33,0.375,19,0.215909091,28.63636368,20.4545454,45,25.90909092
33,0.4125,13,0.1625,31,0.3875,3,0.0375,49.5,19.5,46.5,4.5
25,0.257731959,2,0.020618557,32,0.329896907,38,0.391752577,30.92783508,2.47422684,39.58762884,47.01030924
9,0.102272727,5,0.056818182,28,0.318181818,46,0.522727273,12.27272724,6.81818184,38.18181816,62.72727276
9,0.077586207,32,0.275862069,49,0.422413793,26,0.224137931,9.31034484,33.10344828,50.68965516,26.89655172
27,0.232758621,36,0.310344828,38,0.327586207,15,0.129310345,27.93103452,37.24137936,39.31034484,15.5172414
27,0.5625,6,0.125,9,0.1875,6,0.125,67.5,15,22.5,15
20,0.24691358,31,0.382716049,7,0.086419753,23,0.283950617,29.6296296,45.92592588,10.37037036,34.07407404
39,0.312,21,0.168,40,0.32,25,0.2,37.44,20.16,38.4,24
45,0.3,31,0.206666667,29,0.193333333,45,0.3,36,24.80000004,23.19999996,36
32,0.336842105,8,0.084210526,38,0.4,17,0.178947368,40.4210526,10.10526312,48,21.47368416
1,0.014084507,21,0.295774648,0,0,49,0.690140845,1.69014084,35.49295776,0,82.8169014
49,0.355072464,42,0.304347826,11,0.079710145,36,0.260869565,42.60869568,36.52173912,9.5652174,31.3043478
33,0.294642857,20,0.178571429,46,0.410714286,13,0.116071429,35.35714284,21.42857148,49.28571432,13.92857148
1,0.017241379,33,0.568965517,9,0.155172414,15,0.25862069,2.06896548,68.27586204,18.62068968,31.0344828
32,0.260162602,41,0.333333333,12,0.097560976,38,0.308943089,31.21951224,39.99999996,11.70731712,37.07317068
31,0.213793103,39,0.268965517,33,0.227586207,42,0.289655172,25.65517236,32.27586204,27.31034484,34.75862064
18,0.123287671,43,0.294520548,39,0.267123288,46,0.315068493,14.79452052,35.34246576,32.05479456,37.80821916
21,0.160305344,24,0.183206107,38,0.290076336,48,0.366412214,19.23664128,21.98473284,34.80916032,43.96946568
16,0.173913043,18,0.195652174,50,0.543478261,8,0.086956522,20.86956516,23.47826088,65.21739132,10.43478264
39,0.40625,26,0.270833333,29,0.302083333,2,0.020833333,48.75,32.49999996,36.24999996,2.49999996
21,0.15,40,0.285714286,45,0.321428571,34,0.242857143,18,34.28571432,38.57142852,29.14285716
15,0.142857143,28,0.266666667,28,0.266666667,34,0.323809524,17.14285716,32.00000004,32.00000004,38.85714288
2,0.020833333,43,0.447916667,8,0.083333333,43,0.447916667,2.49999996,53.75000004,9.99999996,53.75000004
31,0.279279279,43,0.387387387,14,0.126126126,23,0.207207207,33.51351348,46.48648644,15.13513512,24.86486484
27,0.212598425,42,0.330708661,34,0.267716535,24,0.188976378,25.511811,39.68503932,32.1259842,22.67716536
30,0.3125,29,0.302083333,12,0.125,25,0.260416667,37.5,36.24999996,15,31.25000004
1,0.043478261,1,0.043478261,14,0.608695652,7,0.304347826,5.21739132,5.21739132,73.04347824,36.52173912
21,0.166666667,43,0.341269841,18,0.142857143,44,0.349206349,20.00000004,40.95238092,17.14285716,41.90476188
45,0.346153846,48,0.369230769,3,0.023076923,34,0.261538462,41.53846152,44.30769228,2.76923076,31.38461544
1,0.011627907,26,0.302325581,38,0.441860465,21,0.244186047,1.39534884,36.27906972,53.0232558,29.30232564
26,0.234234234,15,0.135135135,48,0.432432432,22,0.198198198,28.10810808,16.2162162,51.89189184,23.78378376
4,0.052631579,26,0.342105263,44,0.578947368,2,0.026315789,6.31578948,41.05263156,69.47368416,3.15789468
6,0.0625,43,0.447916667,31,0.322916667,16,0.166666667,7.5,53.75000004,38.75000004,20.00000004
7,0.069306931,16,0.158415842,43,0.425742574,35,0.346534653,8.31683172,19.00990104,51.08910888,41.58415836
17,0.171717172,3,0.03030303,34,0.343434343,45,0.454545455,20.60606064,3.6363636,41.21212116,54.5454546
